code_insee,commune,code_prelevement,date_prelevement,conclusion_ars,potable_ars,ph,Conductivity,Turbidity,Sulfate,Hardness,Organic_carbon,Trihalomethanes,Chloramines,Solids
06088,Nice,00600265690,2026-04-29T10:17:00Z,Eau d'alimentation conforme aux exigences de qualité en vigueur pour l'ensemble des paramètres mesurés.,1,8.1,298.0,0.0,76.0,12.93,0.35,1.7,0.33,
06088,Nice,00600265689,2026-04-29T09:53:00Z,Eau d'alimentation conforme aux exigences de qualité en vigueur pour l'ensemble des paramètres mesurés.,1,8.1,298.0,0.19,76.0,12.5,0.33,3.67,0.28,
06088,Nice,00600265716,2026-04-28T12:06:00Z,Eau d'alimentation conforme aux exigences de qualité en vigueur pour l'ensemble des paramètres mesurés.,1,7.53,686.0,0.35,148.0,32.81,0.27,5.75,0.35,
06088,Nice,00600265555,2026-04-28T11:08:00Z,Eau d'alimentation conforme aux exigences de qualité en vigueur pour l'ensemble des paramètres mesurés.,1,7.4,678.0,0.12,136.0,30.82,0.26,,0.31,
06088,Nice,00600265694,2026-04-28T10:19:00Z,Eau d'alimentation conforme aux exigences de qualité en vigueur pour l'ensemble des paramètres mesurés.,1,8.0,311.0,0.0,78.0,13.25,0.25,2.5,0.24,
06088,Nice,00600265692,2026-04-28T09:04:00Z,Eau d'alimentation conforme aux exigences de qualité en vigueur pour l'ensemble des paramètres mesurés.,1,7.9,308.0,0.1,74.0,13.03,0.31,4.9,0.28,
06088,Nice,00600265693,2026-04-28T08:48:00Z,Eau d'alimentation conforme aux exigences de qualité en vigueur pour l'ensemble des paramètres mesurés.,1,7.9,308.0,0.0,76.0,12.93,0.25,9.18,0.12,
06088,Nice,00600265562,2026-04-23T10:58:00Z,Eau d'alimentation conforme aux exigences de qualité en vigueur pour l'ensemble des paramètres mesurés.,1,8.01,278.0,0.11,72.0,12.48,0.43,5.52,0.26,
06088,Nice,00600265565,2026-04-23T10:18:00Z,Eau d'alimentation conforme aux exigences de qualité en vigueur pour l'ensemble des paramètres mesurés.,1,8.0,280.0,0.12,74.0,12.1,0.42,3.4,0.26,
06088,Nice,00600265563,2026-04-23T09:38:00Z,Eau d'alimentation conforme aux exigences de qualité en vigueur pour l'ensemble des paramètres mesurés.,1,8.0,280.0,0.25,72.0,11.54,0.43,2.4,0.17,
06088,Nice,00600265564,2026-04-23T09:01:00Z,Eau d'alimentation conforme aux exigences de qualité en vigueur pour l'ensemble des paramètres mesurés.,1,7.9,278.0,0.35,72.0,11.52,0.43,3.01,0.33,
06088,Nice,00600265566,2026-04-23T08:42:00Z,Eau d'alimentation conforme aux exigences de qualité en vigueur pour l'ensemble des paramètres mesurés.,1,7.9,278.0,0.11,72.0,12.41,0.44,0.91,0.45,
13055,Marseille,01300288746,2026-04-28T09:56:00Z,Eau d'alimentation conforme aux exigences de qualité en vigueur pour l'ensemble des paramètres mesurés.,1,8.06,493.0,0.0,78.0,22.22,0.68,8.17,0.0,
13055,Marseille,01300289053,2026-04-28T09:34:00Z,L’eau d’alimentation est conforme aux limites de qualité et non conforme aux références de qualité. L’équilibre calcocarbonique montre une eau incrustante ce qui constitue un risque important d’entartrage des canalisations.,0,7.9,489.0,0.1,77.0,21.84,0.61,2.8,0.06,
13055,Marseille,01300289052,2026-04-28T09:02:00Z,Eau d'alimentation conforme aux exigences de qualité en vigueur pour l'ensemble des paramètres mesurés.,1,7.8,510.0,0.27,92.0,22.68,0.59,3.2,0.05,
13055,Marseille,01300288744,2026-04-28T08:30:00Z,Eau d'alimentation conforme aux exigences de qualité en vigueur pour l'ensemble des paramètres mesurés.,1,8.0,496.0,0.0,77.0,22.17,0.59,6.59,0.04,
13055,Marseille,01300288745,2026-04-28T08:13:00Z,Eau d'alimentation conforme aux exigences de qualité en vigueur pour l'ensemble des paramètres mesurés.,1,8.02,488.0,0.12,80.0,21.63,0.67,2.0,0.04,
13055,Marseille,01300288743,2026-04-28T07:53:00Z,Eau d'alimentation conforme aux exigences de qualité en vigueur pour l'ensemble des paramètres mesurés.,1,8.13,488.0,0.26,78.0,21.63,0.51,2.6,0.04,
13055,Marseille,01300288703,2026-04-23T12:25:00Z,Eau d'alimentation conforme aux exigences de qualité en vigueur pour l'ensemble des paramètres mesurés.,1,8.02,498.0,0.12,78.0,22.51,0.76,8.92,0.06,
13055,Marseille,01300288706,2026-04-23T12:07:00Z,Eau d'alimentation conforme aux exigences de qualité en vigueur pour l'ensemble des paramètres mesurés.,1,8.0,494.0,0.13,79.0,22.35,0.76,8.5,0.09,
13055,Marseille,01300288625,2026-04-21T14:19:00Z,Eau d'alimentation conforme aux exigences de qualité en vigueur pour l'ensemble des paramètres mesurés.,1,8.2,421.0,0.19,25.5,17.69,1.1,15.21,0.17,
13055,Marseille,01300288618,2026-04-21T11:04:00Z,Eau d'alimentation conforme aux exigences de qualité en vigueur pour l'ensemble des paramètres mesurés.,1,8.0,499.0,0.15,78.0,21.59,0.75,0.88,0.12,
13055,Marseille,01300288617,2026-04-21T10:41:00Z,Eau d'alimentation conforme aux exigences de qualité en vigueur pour l'ensemble des paramètres mesurés.,1,7.97,499.0,0.16,76.0,21.46,0.74,1.5,0.14,
13055,Marseille,01300288582,2026-04-20T12:19:00Z,L’eau d’alimentation est conforme aux limites de qualité et non conforme aux références de qualité pour le paramètre turbidité. Une turbidité trop importante peut favoriser une contamination microbienne de l’eau.,0,8.1,424.0,0.71,24.7,17.85,1.1,1.2,0.6,
13001,Aix-en-Provence,01300288437,2026-04-21T08:54:00Z,Eau d'alimentation conforme aux exigences de qualité en vigueur pour l'ensemble des paramètres mesurés.,1,8.0,430.0,0.1,26.8,17.3,0.97,3.4,0.0,
13001,Aix-en-Provence,01300288520,2026-04-13T10:54:00Z,Eau d'alimentation conforme aux exigences de qualité en vigueur pour l'ensemble des paramètres mesurés.,1,8.0,434.0,0.0,25.1,18.35,0.86,31.4,0.21,
13001,Aix-en-Provence,01300288521,2026-04-13T10:17:00Z,Eau d'alimentation conforme aux exigences de qualité en vigueur pour l'ensemble des paramètres mesurés.,1,8.13,434.0,0.1,24.7,18.27,0.86,11.0,0.45,
13001,Aix-en-Provence,01300288291,2026-04-10T10:15:00Z,Eau d'alimentation conforme aux exigences de qualité en vigueur pour l'ensemble des paramètres mesurés.,1,8.2,431.0,0.22,28.3,19.46,1.0,16.0,0.42,
13001,Aix-en-Provence,01300288229,2026-04-07T12:20:00Z,Eau d'alimentation conforme aux exigences de qualité en vigueur pour l'ensemble des paramètres mesurés.,1,8.15,430.0,0.11,27.3,17.99,1.0,26.52,0.31,
13001,Aix-en-Provence,01300288230,2026-04-07T11:18:00Z,Eau d'alimentation conforme aux exigences de qualité en vigueur pour l'ensemble des paramètres mesurés.,1,8.1,441.0,0.0,27.0,19.13,1.3,4.08,0.17,
13001,Aix-en-Provence,01300288669,2026-04-07T10:16:00Z,L’eau d’alimentation est conforme aux limites de qualité et non conforme aux références de qualité. L’équilibre calcocarbonique montre une eau incrustante ce qui constitue un risque important d’entartrage des canalisations.,0,8.2,429.0,0.1,28.8,17.82,0.86,23.42,0.38,
13001,Aix-en-Provence,01300288227,2026-04-07T09:04:00Z,Eau d'alimentation conforme aux exigences de qualité en vigueur pour l'ensemble des paramètres mesurés.,1,8.16,430.0,0.0,27.1,17.89,0.86,30.93,0.23,
13001,Aix-en-Provence,01300288228,2026-04-07T08:19:00Z,Eau d'alimentation conforme aux exigences de qualité en vigueur pour l'ensemble des paramètres mesurés.,1,8.18,429.0,0.12,27.6,17.84,1.0,26.41,0.42,
13001,Aix-en-Provence,01300288493,2026-04-03T10:40:00Z,Eau d'alimentation conforme aux exigences de qualité en vigueur pour l'ensemble des paramètres mesurés.,1,8.07,427.0,0.2,26.4,18.6,1.2,34.0,0.22,
13001,Aix-en-Provence,01300287455,2026-03-16T15:00:00Z,Eau d'alimentation conforme aux exigences de qualité en vigueur pour l'ensemble des paramètres mesurés.,1,7.82,412.0,0.1,26.88,17.16,0.84,19.1,0.09,
13001,Aix-en-Provence,01300287837,2026-03-12T09:47:00Z,L’eau d’alimentation est conforme aux limites de qualité et non conforme aux références de qualité pour le paramètre turbidité. Une turbidité trop importante peut favoriser une contamination microbienne de l’eau.,0,8.1,441.0,3.6,25.5,18.61,0.86,5.97,0.0,
83137,Toulon,08300300958,2026-04-14T08:37:00Z,Eau d'alimentation conforme aux exigences de qualité en vigueur pour l'ensemble des paramètres mesurés.,1,7.9,555.0,0.0,37.7,28.56,0.68,29.6,0.15,
83137,Toulon,08300300959,2026-04-14T08:24:00Z,Eau d'alimentation conforme aux exigences de qualité en vigueur pour l'ensemble des paramètres mesurés.,1,7.71,522.0,0.12,34.5,28.94,0.84,4.1,0.25,
83137,Toulon,08300300962,2026-04-14T07:55:00Z,Eau d'alimentation conforme aux exigences de qualité en vigueur pour l'ensemble des paramètres mesurés.,1,7.7,561.0,0.0,98.0,37.52,0.35,21.3,0.4,
83137,Toulon,08300300961,2026-04-14T07:42:00Z,Eau d'alimentation conforme aux exigences de qualité en vigueur pour l'ensemble des paramètres mesurés.,1,7.82,648.0,0.12,99.0,37.67,0.35,19.92,0.43,
83137,Toulon,08300300960,2026-04-14T07:26:00Z,Eau d'alimentation conforme aux exigences de qualité en vigueur pour l'ensemble des paramètres mesurés.,1,7.83,569.0,0.1,99.0,37.23,0.36,0.76,0.29,
83137,Toulon,08300301101,2026-04-14T07:09:00Z,Eau d'alimentation conforme aux exigences de qualité en vigueur pour l'ensemble des paramètres mesurés.,1,7.5,520.0,0.11,61.0,34.24,0.68,2.7,0.26,
83137,Toulon,08300300944,2026-04-10T09:06:00Z,Eau d'alimentation conforme aux exigences de qualité en vigueur pour l'ensemble des paramètres mesurés.,1,7.8,572.0,0.0,89.0,36.93,0.39,2.0,0.15,
83137,Toulon,08300301069,2026-04-10T08:51:00Z,Eau d'alimentation conforme aux limites de qualité et non conforme aux références de qualité. Eau incrustante.,0,7.87,616.0,0.0,74.0,35.47,0.38,1.6,0.18,
83137,Toulon,08300300605,2026-03-23T09:18:00Z,Eau d'alimentation conforme aux exigences de qualité en vigueur pour l'ensemble des paramètres mesurés.,1,7.72,652.0,1.1,77.0,37.47,0.5,1.6,0.29,
83137,Toulon,08300300613,2026-03-23T08:19:00Z,Eau d'alimentation conforme aux exigences de qualité en vigueur pour l'ensemble des paramètres mesurés.,1,7.7,572.0,0.0,72.0,36.97,0.53,14.04,0.18,
83137,Toulon,08300300608,2026-03-23T08:08:00Z,Eau d'alimentation conforme aux exigences de qualité en vigueur pour l'ensemble des paramètres mesurés.,1,7.57,506.0,0.28,17.6,26.94,0.9,22.2,0.18,
83137,Toulon,08300300844,2026-03-23T07:42:00Z,Eau d'alimentation conforme aux limites de qualité et non conforme aux références de qualité. Eau incrustante.,0,7.79,678.0,0.0,84.0,37.51,0.42,19.3,0.25,
84007,Avignon,08400139705,2026-04-30T12:46:00Z,Eau d'alimentation conforme aux exigences de qualité en vigueur pour l'ensemble des paramètres mesurés.,1,7.5,610.0,0.36,94.0,28.45,0.28,0.38,0.0,
84007,Avignon,08400139539,2026-04-13T09:07:00Z,Eau d'alimentation conforme aux exigences de qualité en vigueur pour l'ensemble des paramètres mesurés.,1,7.64,580.0,0.11,84.0,28.31,0.24,0.95,0.19,
84007,Avignon,08400139508,2026-04-08T15:09:00Z,Eau d'alimentation conforme aux exigences de qualité en vigueur pour l'ensemble des paramètres mesurés.,1,7.51,589.0,0.0,84.0,27.47,0.29,3.69,0.2,
84007,Avignon,08400139450,2026-04-01T11:12:00Z,Eau d'alimentation conforme aux exigences de qualité en vigueur pour l'ensemble des paramètres mesurés.,1,7.47,599.0,0.0,90.0,25.77,0.22,0.58,0.13,
84007,Avignon,08400139404,2026-03-20T13:08:00Z,Eau d'alimentation conforme aux exigences de qualité en vigueur pour l'ensemble des paramètres mesurés.,1,7.57,599.0,0.13,93.0,28.3,0.24,0.51,0.06,
84007,Avignon,08400139403,2026-03-20T10:07:00Z,Eau d'alimentation conforme aux exigences de qualité en vigueur pour l'ensemble des paramètres mesurés.,1,7.4,601.0,0.1,94.0,27.79,0.23,0.0,0.3,
84007,Avignon,08400139221,2026-03-04T11:41:00Z,Eau d'alimentation conforme aux exigences de qualité en vigueur pour l'ensemble des paramètres mesurés.,1,7.5,610.0,0.0,60.0,27.36,0.24,8.41,0.0,
84007,Avignon,08400139246,2026-03-04T11:14:00Z,Eau d'alimentation conforme aux exigences de qualité en vigueur pour l'ensemble des paramètres mesurés.,1,7.34,551.0,0.0,45.4,38.03,0.0,0.0,0.0,
84007,Avignon,08400139245,2026-03-04T10:43:00Z,Eau d'alimentation conforme aux exigences de qualité en vigueur pour l'ensemble des paramètres mesurés.,1,7.35,598.0,0.0,91.0,27.44,0.22,1.81,0.34,
84007,Avignon,08400139240,2026-03-03T11:58:00Z,Eau d'alimentation conforme aux exigences de qualité en vigueur pour l'ensemble des paramètres mesurés.,1,7.4,600.0,0.0,65.0,27.89,0.0,4.68,0.31,
84007,Avignon,08400139161,2026-02-11T12:37:00Z,Eau d'alimentation conforme aux exigences de qualité en vigueur pour l'ensemble des paramètres mesurés.,1,7.41,586.0,0.12,89.0,27.33,0.0,0.16,0.34,
84007,Avignon,08400139177,2026-02-06T11:09:00Z,Eau d'alimentation conforme aux exigences de qualité en vigueur pour l'ensemble des paramètres mesurés.,1,7.49,579.0,0.25,89.0,27.67,0.26,0.67,0.35,
06029,Cannes,00600265538,2026-04-27T12:17:00Z,Eau d'alimentation conforme aux exigences de qualité en vigueur pour l'ensemble des paramètres mesurés.,1,7.73,601.0,0.0,82.0,28.13,0.5,13.5,0.23,
06029,Cannes,00600265532,2026-04-27T09:47:00Z,Eau d'alimentation conforme aux exigences de qualité en vigueur pour l'ensemble des paramètres mesurés.,1,7.76,624.0,0.1,93.0,29.07,0.5,14.0,0.19,
06029,Cannes,00600265467,2026-04-20T11:14:00Z,Eau d'alimentation conforme aux exigences de qualité en vigueur pour l'ensemble des paramètres mesurés.,1,7.6,328.0,0.0,73.0,27.15,0.7,2.1,0.28,
06029,Cannes,00600265402,2026-04-13T10:07:00Z,Eau d'alimentation conforme aux exigences de qualité en vigueur pour l'ensemble des paramètres mesurés.,1,7.84,431.0,0.0,28.8,21.35,0.43,8.65,0.42,
06029,Cannes,00600265405,2026-04-13T09:35:00Z,Eau d'alimentation conforme aux exigences de qualité en vigueur pour l'ensemble des paramètres mesurés.,1,7.7,392.0,0.0,17.4,19.02,0.37,5.39,0.56,
06029,Cannes,00600265139,2026-03-23T09:29:00Z,Eau d'alimentation conforme aux exigences de qualité en vigueur pour l'ensemble des paramètres mesurés.,1,8.11,353.0,0.12,3.5,17.76,0.48,6.5,0.27,
06029,Cannes,00600265140,2026-03-23T09:03:00Z,Eau d'alimentation conforme aux exigences de qualité en vigueur pour l'ensemble des paramètres mesurés.,1,7.7,349.0,0.0,3.8,17.55,0.49,4.23,0.34,
06029,Cannes,00600265132,2026-03-23T08:31:00Z,Eau d'alimentation conforme aux exigences de qualité en vigueur pour l'ensemble des paramètres mesurés.,1,7.6,353.0,0.0,3.4,17.74,0.51,6.59,0.34,
06029,Cannes,00600265015,2026-03-11T13:10:00Z,Eau d'alimentation conforme aux exigences de qualité en vigueur pour l'ensemble des paramètres mesurés.,1,7.8,335.0,0.0,2.8,17.53,0.41,3.2,0.34,
06029,Cannes,00600265299,2026-03-11T09:37:00Z,Eau d'alimentation conforme aux exigences de qualité en vigueur pour l'ensemble des paramètres mesurés.,1,7.8,335.0,0.0,2.9,17.65,0.42,3.33,0.42,
06029,Cannes,00600264700,2026-02-09T10:07:00Z,Eau d'alimentation conforme aux exigences de qualité en vigueur pour l'ensemble des paramètres mesurés.,1,7.8,379.0,0.12,8.7,17.99,1.0,19.0,0.28,
06029,Cannes,00600264668,2026-02-05T09:32:00Z,Eau d'alimentation conforme aux exigences de qualité en vigueur pour l'ensemble des paramètres mesurés.,1,8.04,375.0,0.11,3.1,17.92,1.0,12.06,0.11,
83061,Fréjus,08300300925,2026-04-09T11:33:00Z,Eau d'alimentation conforme aux exigences de qualité en vigueur pour l'ensemble des paramètres mesurés.,1,8.0,833.0,0.15,81.0,26.25,0.78,7.8,0.42,
83061,Fréjus,08300300924,2026-04-09T11:18:00Z,Eau d'alimentation conforme aux exigences de qualité en vigueur pour l'ensemble des paramètres mesurés.,1,8.1,830.0,0.0,80.0,26.39,0.92,47.1,0.41,
83061,Fréjus,08300300926,2026-04-09T10:33:00Z,Eau d'alimentation conforme aux exigences de qualité en vigueur pour l'ensemble des paramètres mesurés.,1,8.0,854.0,0.13,68.0,28.23,0.66,36.0,0.35,
83061,Fréjus,08300300737,2026-04-02T10:11:00Z,Eau d'alimentation conforme aux exigences de qualité en vigueur pour l'ensemble des paramètres mesurés.,1,8.2,378.0,0.15,8.1,18.7,0.57,,0.23,
83061,Fréjus,08300300408,2026-03-10T11:17:00Z,Eau d'alimentation conforme aux exigences de qualité en vigueur pour l'ensemble des paramètres mesurés.,1,8.1,394.0,0.22,20.8,17.39,0.93,44.0,0.45,
83061,Fréjus,08300300409,2026-03-10T11:02:00Z,Eau d'alimentation conforme aux exigences de qualité en vigueur pour l'ensemble des paramètres mesurés.,1,8.13,396.0,0.1,20.7,17.41,0.92,45.7,0.42,
83061,Fréjus,08300300406,2026-03-10T10:45:00Z,Eau d'alimentation conforme aux exigences de qualité en vigueur pour l'ensemble des paramètres mesurés.,1,7.76,760.0,0.0,66.0,25.74,0.56,2.2,0.38,
83061,Fréjus,08300300407,2026-03-10T10:21:00Z,Eau d'alimentation conforme aux exigences de qualité en vigueur pour l'ensemble des paramètres mesurés.,1,8.0,775.0,0.0,68.0,26.03,0.64,31.8,0.26,
83061,Fréjus,08300300594,2026-03-10T09:51:00Z,Eau d'alimentation conforme aux exigences de qualité en vigueur pour l'ensemble des paramètres mesurés.,1,7.9,777.0,0.0,67.0,26.44,0.59,2.6,0.25,
83061,Fréjus,08300300393,2026-03-09T10:47:00Z,Eau d'alimentation conforme aux exigences de qualité en vigueur pour l'ensemble des paramètres mesurés.,1,8.1,425.0,0.11,27.6,17.84,0.78,26.71,0.4,
83061,Fréjus,08300300566,2026-03-06T12:08:00Z,Eau d'alimentation conforme aux exigences de qualité en vigueur pour l'ensemble des paramètres mesurés.,1,7.89,729.0,0.0,59.0,24.86,0.7,5.1,0.23,
83061,Fréjus,08300300361,2026-03-06T09:55:00Z,Eau d'alimentation conforme aux exigences de qualité en vigueur pour l'ensemble des paramètres mesurés.,1,8.2,373.0,0.22,7.3,18.2,0.52,,0.47,
13103,Salon-de-Provence,01300288712,2026-04-24T09:57:00Z,Eau d'alimentation conforme aux exigences de qualité en vigueur pour l'ensemble des paramètres mesurés.,1,8.3,507.0,0.18,89.0,22.69,0.68,3.1,0.57,
13103,Salon-de-Provence,01300288711,2026-04-24T09:34:00Z,Eau d'alimentation conforme aux exigences de qualité en vigueur pour l'ensemble des paramètres mesurés.,1,8.1,501.0,0.18,82.0,21.98,0.64,27.53,0.06,
13103,Salon-de-Provence,01300288710,2026-04-24T09:09:00Z,Eau d'alimentation conforme aux exigences de qualité en vigueur pour l'ensemble des paramètres mesurés.,1,8.11,502.0,0.14,84.0,22.34,0.63,7.03,0.23,
13103,Salon-de-Provence,01300288694,2026-04-22T10:03:00Z,Eau d'alimentation conforme aux exigences de qualité en vigueur pour l'ensemble des paramètres mesurés.,1,8.11,502.0,0.15,73.0,16.72,0.86,12.0,0.13,
13103,Salon-de-Provence,01300288507,2026-04-09T12:37:00Z,Eau d'alimentation conforme aux exigences de qualité en vigueur pour l'ensemble des paramètres mesurés.,1,7.37,739.0,0.0,101.0,34.6,0.37,11.2,0.35,
13103,Salon-de-Provence,01300288254,2026-04-09T11:55:00Z,Eau d'alimentation conforme aux exigences de qualité en vigueur pour l'ensemble des paramètres mesurés.,1,8.1,528.0,0.22,91.0,24.55,0.64,,0.37,
13103,Salon-de-Provence,01300287318,2026-03-13T08:49:00Z,Eau d'alimentation conforme aux exigences de qualité en vigueur pour l'ensemble des paramètres mesurés.,1,8.1,517.0,0.18,69.0,38.85,0.9,,0.16,
13103,Salon-de-Provence,01300287252,2026-03-10T08:59:00Z,Eau d'alimentation conforme aux exigences de qualité en vigueur pour l'ensemble des paramètres mesurés.,1,7.31,736.0,0.11,78.0,34.84,0.22,,0.27,
13103,Salon-de-Provence,01300287251,2026-03-10T08:29:00Z,L’eau d’alimentation est conforme aux limites de qualité et non conforme aux références de qualité pour le paramètre température.,0,7.6,522.0,0.14,80.0,22.35,0.52,10.0,0.27,
13103,Salon-de-Provence,01300287384,2026-02-27T10:12:00Z,L’eau d’alimentation est conforme aux limites de qualité et non conforme aux références de qualité. L’équilibre calcocarbonique montre une eau incrustante ce qui constitue un risque important d’entartrage des canalisations.,0,7.95,534.0,0.17,61.0,23.61,1.0,15.0,0.34,
13103,Salon-de-Provence,01300286977,2026-02-27T09:30:00Z,Eau d'alimentation conforme aux exigences de qualité en vigueur pour l'ensemble des paramètres mesurés.,1,7.4,697.0,0.16,94.0,30.21,0.58,,0.36,
13103,Salon-de-Provence,01300286519,2026-02-06T10:44:00Z,Eau d'alimentation conforme aux exigences de qualité en vigueur pour l'ensemble des paramètres mesurés.,1,8.19,565.0,0.24,79.0,20.97,0.94,19.0,0.32,
04070,Digne-les-Bains,00400154005,2026-04-28T12:38:00Z,"Eau d'alimentation conforme aux exigences de qualité en vigueur pour l'ensemble des paramètres mesurés. Taux de chlore insuffisant. Une vérification de l'appareil de désinfection est nécessaire. Le taux de chlore libre à atteindre est de 0,3 mg/l en sortie production et de 0,1 mg/l en tout point du réseau.",1,7.8,368.0,0.32,40.9,17.83,0.32,,0.05,
04070,Digne-les-Bains,00400153787,2026-04-10T11:37:00Z,Eau d'alimentation conforme aux exigences de qualité en vigueur pour l'ensemble des paramètres mesurés.,1,7.72,476.0,0.38,54.0,22.8,0.39,,0.53,
04070,Digne-les-Bains,00400153726,2026-04-03T08:39:00Z,"Eau d'alimentation conforme aux exigences de qualité en vigueur pour l'ensemble des paramètres mesurés. Taux de chlore insuffisant. Une vérification de l'appareil de désinfection est nécessaire. Le taux de chlore libre à atteindre est de 0,3 mg/l en sortie production et de 0,1 mg/l en tout point du réseau.",1,7.97,376.0,0.0,40.3,18.58,0.38,,0.08,
04070,Digne-les-Bains,00400153760,2026-03-24T15:07:00Z,Eau d'alimentation conforme aux exigences de qualité en vigueur pour l'ensemble des paramètres mesurés.,1,7.9,374.0,0.0,42.0,18.0,0.43,4.85,0.13,
04070,Digne-les-Bains,00400153521,2026-03-13T09:52:00Z,Eau d'alimentation conforme aux exigences de qualité en vigueur pour l'ensemble des paramètres mesurés.,1,7.9,381.0,0.14,47.5,18.45,0.44,,0.16,
04070,Digne-les-Bains,00400153247,2026-02-20T15:06:00Z,"Eau d'alimentation conforme aux exigences de qualité en vigueur pour l'ensemble des paramètres mesurés. Taux de chlore insuffisant. Une vérification de l'appareil de désinfection est nécessaire. Le taux de chlore libre à atteindre est de 0,3 mg/l en sortie production et de 0,1 mg/l en tout point du réseau.",1,7.5,386.0,0.0,45.0,18.92,0.36,,0.08,
04070,Digne-les-Bains,00400153228,2026-02-18T14:52:00Z,Eau d'alimentation conforme aux limites de qualité mais dépassement de la référence de qualité pour le paramètre turbidité.,1,7.7,442.0,4.6,4.0,22.16,1.7,,0.35,
04070,Digne-les-Bains,00400153193,2026-02-13T11:14:00Z,"Eau d'alimentation conforme aux exigences de qualité en vigueur pour l'ensemble des paramètres mesurés. Taux de chlore insuffisant. Une vérification de l'appareil de désinfection est nécessaire. Le taux de chlore libre à atteindre est de 0,3 mg/l en sortie production et de 0,1 mg/l en tout point du réseau.",1,7.84,383.0,0.14,44.0,18.48,0.26,,0.07,
04070,Digne-les-Bains,00400153192,2026-02-13T09:21:00Z,Eau d'alimentation non-conforme aux exigences de qualité.,1,7.62,442.0,1.4,4.2,24.17,1.6,,0.0,
04070,Digne-les-Bains,00400153018,2026-02-03T14:28:00Z,"Eau d'alimentation conforme aux exigences de qualité en vigueur pour l'ensemble des paramètres mesurés. Taux de chlore insuffisant. Une vérification de l'appareil de désinfection est nécessaire. Le taux de chlore libre à atteindre est de 0,3 mg/l en sortie production et de 0,1 mg/l en tout point du réseau.",1,8.2,367.0,0.0,41.0,17.98,0.34,,0.05,
04070,Digne-les-Bains,00400152925,2026-01-27T09:12:00Z,"Eau d'alimentation conforme aux exigences de qualité en vigueur pour l'ensemble des paramètres mesurés. Taux de chlore insuffisant. Une vérification de l'appareil de désinfection est nécessaire. Le taux de chlore libre à atteindre est de 0,3 mg/l en sortie production et de 0,1 mg/l en tout point du réseau.",1,7.9,367.0,0.13,42.0,17.39,0.26,,0.1,
04070,Digne-les-Bains,00400152909,2026-01-26T10:10:00Z,"Eau d'alimentation conforme aux exigences de qualité en vigueur pour l'ensemble des paramètres mesurés. Absence de chlore libre. Une vérification de l'appareil de désinfection est nécessaire. Le taux de chlore libre à atteindre est de 0,3 mg/l en sortie production et de 0,1 mg/l en tout point du réseau.",1,7.8,478.0,0.29,54.0,22.61,0.3,,0.0,
83069,Hyères,08300301045,2026-04-24T09:44:00Z,Eau d'alimentation conforme aux exigences de qualité en vigueur pour l'ensemble des paramètres mesurés.,1,7.5,814.0,0.15,96.0,40.58,0.56,0.17,0.23,
83069,Hyères,08300301043,2026-04-24T09:14:00Z,Eau d'alimentation conforme aux exigences de qualité en vigueur pour l'ensemble des paramètres mesurés.,1,7.1,881.0,0.0,100.0,40.9,0.64,23.63,0.24,
83069,Hyères,08300301044,2026-04-24T08:56:00Z,Eau d'alimentation conforme aux exigences de qualité en vigueur pour l'ensemble des paramètres mesurés.,1,7.2,835.0,0.13,101.0,43.13,0.64,0.16,0.16,
83069,Hyères,08300300922,2026-04-08T10:14:00Z,Eau d'alimentation conforme aux exigences de qualité en vigueur pour l'ensemble des paramètres mesurés.,1,8.0,738.0,0.0,78.0,36.98,0.35,0.8,0.16,
83069,Hyères,08300300923,2026-04-08T10:08:00Z,Eau d'alimentation conforme aux exigences de qualité en vigueur pour l'ensemble des paramètres mesurés.,1,7.9,670.0,0.0,76.0,36.95,1.4,1.1,0.44,
83069,Hyères,08300300921,2026-04-08T09:53:00Z,Eau d'alimentation conforme aux exigences de qualité en vigueur pour l'ensemble des paramètres mesurés.,1,7.99,733.0,0.23,82.0,36.62,0.68,1.2,0.27,
83069,Hyères,08300300686,2026-03-27T08:54:00Z,Eau d'alimentation conforme aux exigences de qualité en vigueur pour l'ensemble des paramètres mesurés.,1,7.5,885.0,0.0,84.0,39.33,0.52,0.3,0.14,
83069,Hyères,08300300685,2026-03-27T08:33:00Z,Eau d'alimentation conforme aux exigences de qualité en vigueur pour l'ensemble des paramètres mesurés.,1,7.3,890.0,0.0,91.0,39.42,0.69,1.2,0.0,
83069,Hyères,08300300630,2026-03-23T09:48:00Z,Eau conforme aux limites de qualité fixées par le Code de la Santé Publique pour les paramètres recherchés. A noter le dépassement de la référence de qualité pour le paramètre turbidité. La mesure de la turbidité au robinet du consommateur permet de prendre en compte les phénomènes qui peuvent se produirent lors du transport de l'eau dans les canalisations (corrosion...). En application des articles R.1321-27 et R.1321-30 la Personne Publique ou Privée responsable de la distribution d'eau doit prendre des mesures correctives necessaires et elle doit informer le maire et l'ARS (DD83) de l'application des mesures prises.,1,7.6,822.0,4.3,84.0,37.96,0.55,,0.13,
83069,Hyères,08300301421,2026-03-13T15:51:00Z,"Eau non conforme aux limites de qualité fixées par le Code de la Santé Publique pour le paramètre chlorates. Une tolérance à 0,70 mg/L lorsq ue la présence de chlorates dans l’EDCH est liée à la filière de potab ilisation de l’eau (méthode de désinfection pouvant générer des chlora tes). Toutefois, sans pour autant compromettre la désinfection, une va leur la plus basse possible, en deçà de 0,70 mg/L, doit être visée. Il revient à la personne responsable de la production ou de la distribut ion de l’eau d’identifier, en lien avec son analyse des dangers, si le s produits de traitement utilisés sont susceptibles de générer des sou s-produits, tels que les chlorates.   En application des articles R.13 21-26 à R.1321-30, la Personne Publique ou Privée Responsable de la Di stribution d'Eau doit notamment prendre les mesures de correction néce ssaires et informe le maire et l'ARS (DT83) de l'application des mesur es prises.  En cas de recontrôle non conforme et de l'absence de justi fication sur la présence des chlorates (traitement), une restriction d e consommation pourrait être envisagée.   De nouveaux prélèvements son t diligentés par l'ARS. Les analyses de recontrôle seront réalisées dè s réception des échantillons par le Laboratoire CARSO.",0,7.64,740.0,0.19,77.0,33.16,0.66,50.96,0.1,
83069,Hyères,08300300569,2026-03-13T11:36:00Z,Eau d'alimentation conforme aux exigences de qualité en vigueur pour l'ensemble des paramètres mesurés.,1,7.05,845.0,0.0,82.0,41.7,0.61,0.27,0.19,
83069,Hyères,08300300567,2026-03-13T07:35:00Z,Eau d'alimentation conforme aux exigences de qualité en vigueur pour l'ensemble des paramètres mesurés.,1,7.9,735.0,0.15,94.0,36.63,0.34,32.2,0.19,
06004,Antibes,00600265459,2026-04-20T10:18:00Z,Eau d'alimentation conforme aux exigences de qualité en vigueur pour l'ensemble des paramètres mesurés.,1,7.2,819.0,0.27,86.0,39.12,0.38,,0.3,
06004,Antibes,00600265346,2026-04-09T09:35:00Z,Eau d'alimentation présentant un excès de carbone organique total. Sa présence en excès provient des matières organiques dissoutes ou en suspension dans l’eau.,0,7.31,508.0,0.43,88.0,39.22,3.8,,0.12,
06004,Antibes,00600265345,2026-04-09T09:12:00Z,Eau d'alimentation conforme aux exigences de qualité en vigueur pour l'ensemble des paramètres mesurés.,1,7.66,620.0,0.13,126.0,28.9,0.36,,0.36,
06004,Antibes,00600265349,2026-04-09T08:51:00Z,Eau d'alimentation conforme aux exigences de qualité en vigueur pour l'ensemble des paramètres mesurés.,1,7.25,766.0,0.0,99.0,36.36,0.34,,0.31,
06004,Antibes,00600265439,2026-04-07T12:50:00Z,Eau présentant des traces de pesticides sans risque pour la santé des consommateurs.,0,7.27,1013.0,0.22,65.0,43.5,0.31,0.4,0.27,
06004,Antibes,00600265225,2026-04-01T09:28:00Z,Eau d'alimentation conforme aux exigences de qualité en vigueur pour l'ensemble des paramètres mesurés.,1,7.34,776.0,0.16,93.0,36.62,0.32,,0.31,
06004,Antibes,00600265223,2026-04-01T09:02:00Z,Eau d'alimentation conforme aux exigences de qualité en vigueur pour l'ensemble des paramètres mesurés.,1,7.1,808.0,0.12,90.0,39.88,0.36,,0.28,
06004,Antibes,00600265134,2026-03-23T13:11:00Z,Eau d'alimentation conforme aux exigences de qualité en vigueur pour l'ensemble des paramètres mesurés.,1,7.2,658.0,0.0,101.0,35.96,0.35,,0.31,
06004,Antibes,00600265133,2026-03-23T09:38:00Z,Eau d'alimentation conforme aux exigences de qualité en vigueur pour l'ensemble des paramètres mesurés.,1,7.45,626.0,0.15,133.0,29.88,0.26,,0.24,
06004,Antibes,00600264948,2026-03-06T10:02:00Z,Eau d'alimentation conforme aux exigences de qualité en vigueur pour l'ensemble des paramètres mesurés.,1,7.43,623.0,0.1,166.0,29.92,0.22,,0.21,
06004,Antibes,00600264947,2026-03-06T09:32:00Z,Eau d'alimentation conforme aux exigences de qualité en vigueur pour l'ensemble des paramètres mesurés.,1,7.55,629.0,0.23,159.0,28.32,0.81,,0.32,
06004,Antibes,00600264746,2026-02-13T11:33:00Z,Eau d'alimentation conforme aux exigences de qualité en vigueur pour l'ensemble des paramètres mesurés.,1,7.51,616.0,0.26,130.0,28.53,0.47,,0.37,
75056,Paris,07500215464,2026-01-30T13:05:00Z,Eau d'alimentation conforme aux exigences de qualité en vigueur pour l'ensemble des paramètres mesurés.,1,7.71,563.0,0.0,20.0,25.84,0.79,,0.19,
75056,Paris,07500215460,2026-01-30T11:58:00Z,Eau d'alimentation conforme aux exigences de qualité en vigueur pour l'ensemble des paramètres mesurés.,1,7.7,557.0,0.1,20.0,25.12,0.74,3.5,0.2,
75056,Paris,07500215462,2026-01-30T10:08:00Z,Eau d'alimentation conforme aux exigences de qualité en vigueur pour l'ensemble des paramètres mesurés.,1,7.5,623.0,1.1,21.0,29.17,0.45,,0.19,
75056,Paris,07500215461,2026-01-30T09:47:00Z,Eau d'alimentation conforme aux exigences de qualité en vigueur pour l'ensemble des paramètres mesurés.,1,7.6,616.0,0.77,20.0,28.47,0.46,,0.12,
75056,Paris,07500215465,2026-01-29T12:42:00Z,Eau d'alimentation conforme aux exigences de qualité en vigueur pour l'ensemble des paramètres mesurés.,1,7.54,490.0,0.1,20.0,26.68,0.77,,0.22,
75056,Paris,07500215467,2026-01-29T10:53:00Z,Eau d'alimentation conforme aux exigences de qualité en vigueur pour l'ensemble des paramètres mesurés.,1,7.4,540.0,0.1,21.0,30.71,0.54,,0.19,
75056,Paris,07500215466,2026-01-29T09:40:00Z,Eau d'alimentation conforme aux exigences de qualité en vigueur pour l'ensemble des paramètres mesurés.,1,7.6,485.0,0.13,20.0,26.43,0.8,2.9,0.19,
75056,Paris,07500215349,2026-01-27T14:15:00Z,Eau d'alimentation conforme aux exigences de qualité en vigueur pour l'ensemble des paramètres mesurés.,1,7.79,567.0,0.19,21.0,26.78,0.8,1.7,0.15,
75056,Paris,07500215350,2026-01-27T10:42:00Z,Eau d'alimentation conforme aux limites de qualité et non conforme aux références de qualité.,0,7.7,528.0,0.0,20.0,26.58,2.7,2.2,0.21,
75056,Paris,07500215348,2026-01-27T09:59:00Z,Eau d'alimentation conforme aux exigences de qualité en vigueur pour l'ensemble des paramètres mesurés.,1,7.78,582.0,0.0,0.0,29.9,0.53,4.67,0.21,
75056,Paris,07500215354,2026-01-26T14:11:00Z,Eau d'alimentation conforme aux exigences de qualité en vigueur pour l'ensemble des paramètres mesurés.,1,7.49,566.0,0.0,20.0,26.55,0.79,10.5,0.23,
75056,Paris,07500215355,2026-01-26T14:11:00Z,Eau d'alimentation conforme aux exigences de qualité en vigueur pour l'ensemble des paramètres mesurés.,1,7.57,597.0,0.0,21.0,25.73,0.78,1.5,0.22,
69123,Lyon,06900175457,2026-04-27T15:14:00Z,Eau d'alimentation conforme aux exigences de qualité en vigueur pour l'ensemble des paramètres mesurés.,1,7.6,417.0,0.12,28.6,19.46,0.43,,0.0,
69123,Lyon,06900175462,2026-04-27T10:43:00Z,Eau d'alimentation conforme aux exigences de qualité en vigueur pour l'ensemble des paramètres mesurés.,1,7.4,412.0,0.0,25.5,18.55,0.46,,0.14,
69123,Lyon,06900175439,2026-04-23T12:40:00Z,Eau d'alimentation conforme aux exigences de qualité en vigueur pour l'ensemble des paramètres mesurés.,1,7.2,382.0,0.14,27.3,20.69,0.42,,0.07,
69123,Lyon,06900175451,2026-04-23T12:02:00Z,Eau d'alimentation conforme aux exigences de qualité en vigueur pour l'ensemble des paramètres mesurés.,1,7.4,390.0,0.1,28.4,19.35,0.4,,0.13,
69123,Lyon,06900175454,2026-04-23T11:21:00Z,Eau d'alimentation conforme aux exigences de qualité en vigueur pour l'ensemble des paramètres mesurés.,1,7.0,379.0,0.0,27.4,18.31,0.4,,0.09,
69123,Lyon,06900175445,2026-04-22T12:22:00Z,Eau d'alimentation conforme aux exigences de qualité en vigueur pour l'ensemble des paramètres mesurés.,1,7.4,387.0,0.18,25.2,18.45,0.44,,0.15,
69123,Lyon,06900175447,2026-04-22T09:13:00Z,Eau d'alimentation conforme aux exigences de qualité en vigueur pour l'ensemble des paramètres mesurés.,1,7.3,381.0,0.13,24.7,18.0,0.49,,0.3,
69123,Lyon,06900175461,2026-04-22T08:36:00Z,Eau d'alimentation conforme aux exigences de qualité en vigueur pour l'ensemble des paramètres mesurés.,1,7.5,390.0,0.15,25.3,18.3,0.38,,0.0,
69123,Lyon,06900175456,2026-04-21T13:26:00Z,Eau d'alimentation conforme aux exigences de qualité en vigueur pour l'ensemble des paramètres mesurés.,1,7.4,413.0,0.0,28.0,19.22,0.68,,0.07,
69123,Lyon,06900175443,2026-04-21T13:06:00Z,Eau d'alimentation conforme aux exigences de qualité en vigueur pour l'ensemble des paramètres mesurés.,1,7.5,438.0,0.0,27.6,19.32,0.63,,0.03,
69123,Lyon,06900175438,2026-04-16T11:33:00Z,Eau d'alimentation conforme aux exigences de qualité en vigueur pour l'ensemble des paramètres mesurés.,1,7.3,410.0,0.13,27.6,5.57,0.77,,0.06,
69123,Lyon,06900175450,2026-04-16T10:38:00Z,Eau d'alimentation conforme aux exigences de qualité en vigueur pour l'ensemble des paramètres mesurés.,1,7.2,410.0,0.0,26.8,19.27,0.5,,0.13,
31555,Toulouse,03100217213,2026-04-29T13:05:00Z,Eau d'alimentation non conforme aux exigences de qualité en vigueur. L a non-conformité concerne au moins un paramètre microbiologique et n'a toutefois pas nécessité de restriction de la  consommation de l'eau. Il a été demandé à l'exploitant de prendre les mesures correctives néc essaires pour rétablir la qualité de l'eau. Un nouveau contrôle a été programmé afin de suivre l'évolution du paramètre et de vérifier le re tour à une situation normale.,0,8.1,172.0,0.19,,,,,0.12,
31555,Toulouse,03100215171,2026-04-29T12:48:00Z,Eau d'alimentation conforme aux limites de qualité et non conforme aux références de qualité.,0,8.1,168.0,0.13,9.8,6.7,0.5,,0.26,
31555,Toulouse,03100215215,2026-04-29T12:10:00Z,Eau d'alimentation conforme aux limites de qualité et non conforme aux références de qualité.,0,8.1,173.0,0.72,10.0,7.0,0.5,,0.27,
31555,Toulouse,03100215164,2026-04-27T12:12:00Z,Eau d'alimentation conforme aux limites de qualité et non conforme aux références de qualité.,0,8.0,169.0,0.11,10.0,6.8,0.6,,0.41,
31555,Toulouse,03100215184,2026-04-27T10:57:00Z,Eau d'alimentation conforme aux exigences de qualité en vigueur pour l'ensemble des paramètres mesurés.,1,8.0,221.0,0.0,10.0,9.6,0.5,,0.17,
31555,Toulouse,03100215180,2026-04-27T10:49:00Z,Eau d'alimentation conforme aux exigences de qualité en vigueur pour l'ensemble des paramètres mesurés.,1,8.0,201.0,0.11,0.0,8.5,0.7,11.5,0.11,
31555,Toulouse,03100215173,2026-04-23T13:14:00Z,Eau d'alimentation conforme aux limites de qualité et non conforme aux références de qualité.,0,8.0,179.0,0.16,10.0,7.4,0.6,,0.29,
31555,Toulouse,03100215183,2026-04-23T12:39:00Z,Eau d'alimentation conforme aux exigences de qualité en vigueur pour l'ensemble des paramètres mesurés.,1,8.1,226.0,0.16,10.0,9.9,0.6,,0.17,
31555,Toulouse,03100215174,2026-04-22T15:11:00Z,Eau d'alimentation conforme aux exigences de qualité en vigueur pour l'ensemble des paramètres mesurés.,1,8.1,209.0,0.14,11.0,8.7,0.6,,0.18,
31555,Toulouse,03100217208,2026-04-21T14:44:00Z,Eau d'alimentation conforme aux exigences de qualité en vigueur pour l'ensemble des paramètres mesurés.,1,8.2,233.0,0.22,13.0,9.9,0.5,,0.0,
31555,Toulouse,03100215169,2026-04-21T10:56:00Z,Eau d'alimentation non conforme aux exigences de qualité en vigueur. L a non-conformité concerne au moins un paramètre microbiologique et n'a toutefois pas nécessité de restriction de la  consommation de l'eau. Il a été demandé à l'exploitant de prendre les mesures correctives néc essaires pour rétablir la qualité de l'eau. Un nouveau contrôle a été programmé afin de suivre l'évolution du paramètre et de vérifier le re tour à une situation normale.,0,8.1,230.0,0.12,13.0,9.8,0.6,,0.06,
31555,Toulouse,03100215175,2026-04-16T13:52:00Z,Eau d'alimentation non conforme aux exigences de qualité en vigueur. L a non-conformité concerne au moins un paramètre microbiologique et n'a toutefois pas nécessité de restriction de la  consommation de l'eau. Il a été demandé à l'exploitant de prendre les mesures correctives néc essaires pour rétablir la qualité de l'eau. Un nouveau contrôle a été programmé afin de suivre l'évolution du paramètre et de vérifier le re tour à une situation normale.,0,8.0,247.0,0.15,12.0,10.9,0.6,,0.14,
44109,Nantes,04400272499,2026-04-30T09:11:00Z,Eau d'alimentation conforme aux exigences de qualité en vigueur pour l'ensemble des paramètres mesurés.,1,8.2,463.0,0.0,25.1,15.2,0.79,,0.55,
44109,Nantes,04400272377,2026-04-29T13:59:00Z,Eau d'alimentation conforme aux exigences de qualité en vigueur pour l'ensemble des paramètres mesurés.,1,8.1,462.0,0.0,,,,,0.13,
44109,Nantes,04400272498,2026-04-29T12:39:00Z,Eau d'alimentation conforme aux exigences de qualité en vigueur pour l'ensemble des paramètres mesurés.,1,8.0,463.0,0.0,,,,,0.52,
44109,Nantes,04400272367,2026-04-29T10:28:00Z,Eau d'alimentation conforme aux exigences de qualité en vigueur pour l'ensemble des paramètres mesurés.,1,8.1,462.0,0.0,,,,,0.17,
44109,Nantes,04400272363,2026-04-29T08:44:00Z,Eau d'alimentation conforme aux exigences de qualité en vigueur pour l'ensemble des paramètres mesurés.,1,8.1,462.0,0.0,21.5,15.7,1.0,,0.32,
44109,Nantes,04400272497,2026-04-28T12:07:00Z,Eau d'alimentation conforme aux exigences de qualité en vigueur pour l'ensemble des paramètres mesurés.,1,8.1,458.0,0.0,21.6,15.6,0.87,5.1,0.55,
44109,Nantes,04400272366,2026-04-27T13:41:00Z,Eau d'alimentation conforme aux exigences de qualité en vigueur pour l'ensemble des paramètres mesurés.,1,8.0,456.0,0.0,,,,,0.13,
44109,Nantes,04400272364,2026-04-27T10:59:00Z,Eau d'alimentation conforme aux exigences de qualité en vigueur pour l'ensemble des paramètres mesurés.,1,8.0,456.0,0.0,,,,,0.1,
44109,Nantes,04400272496,2026-04-27T10:40:00Z,Eau d'alimentation conforme aux exigences de qualité en vigueur pour l'ensemble des paramètres mesurés.,1,8.1,456.0,0.0,,,,,0.54,
44109,Nantes,04400272362,2026-04-27T10:08:00Z,Eau d'alimentation conforme aux exigences de qualité en vigueur pour l'ensemble des paramètres mesurés.,1,8.0,456.0,0.0,22.1,15.4,0.9,,0.29,
44109,Nantes,04400272495,2026-04-24T14:40:00Z,Eau d'alimentation conforme aux exigences de qualité en vigueur pour l'ensemble des paramètres mesurés.,1,8.1,447.0,0.0,,,,,0.52,
44109,Nantes,04400273379,2026-04-24T13:25:00Z,Eau d'alimentation conforme aux exigences de qualité en vigueur pour l'ensemble des paramètres mesurés.,1,8.1,461.0,0.0,,,,,0.29,
34172,Montpellier,03400343845,2026-04-20T11:11:00Z,Eau d'alimentation conforme aux exigences de qualité en vigueur pour l'ensemble des paramètres mesurés.,1,7.4,729.0,0.13,23.5,32.58,0.62,,0.33,
34172,Montpellier,03400343850,2026-04-20T09:47:00Z,Eau d'alimentation conforme aux exigences de qualité en vigueur pour l'ensemble des paramètres mesurés.,1,7.4,730.0,0.0,24.1,32.46,0.59,,0.27,
34172,Montpellier,03400343851,2026-04-03T09:24:00Z,Eau d'alimentation conforme aux exigences de qualité en vigueur pour l'ensemble des paramètres mesurés.,1,7.6,801.0,0.0,26.1,32.61,0.73,,0.26,
34172,Montpellier,03400343603,2026-03-25T14:59:00Z,Eau d'alimentation conforme aux exigences de qualité en vigueur pour l'ensemble des paramètres mesurés.,1,7.4,706.0,0.13,21.1,31.71,0.91,,0.33,
34172,Montpellier,03400343604,2026-03-25T13:40:00Z,Eau d'alimentation conforme aux exigences de qualité en vigueur pour l'ensemble des paramètres mesurés.,1,7.42,740.0,0.11,25.0,30.08,0.88,,0.35,
34172,Montpellier,03400343615,2026-03-24T14:36:00Z,Eau d'alimentation conforme aux exigences de qualité en vigueur pour l'ensemble des paramètres mesurés.,1,7.4,720.0,0.27,24.9,34.24,0.78,,0.29,
34172,Montpellier,03400343612,2026-03-24T12:33:00Z,Eau d'alimentation conforme aux exigences de qualité en vigueur pour l'ensemble des paramètres mesurés.,1,7.45,655.0,0.11,29.4,29.93,0.84,,0.36,
34172,Montpellier,03400343611,2026-03-18T15:12:00Z,Eau d'alimentation conforme aux exigences de qualité en vigueur pour l'ensemble des paramètres mesurés.,1,7.43,683.0,0.14,27.0,30.41,0.88,,0.28,
34172,Montpellier,03400343597,2026-03-18T14:10:00Z,Eau d'alimentation conforme aux exigences de qualité en vigueur pour l'ensemble des paramètres mesurés.,1,7.51,617.0,0.1,35.7,28.35,0.8,,0.35,
34172,Montpellier,03400343606,2026-03-18T12:23:00Z,Eau d'alimentation conforme aux exigences de qualité en vigueur pour l'ensemble des paramètres mesurés.,1,7.33,715.0,0.16,22.6,32.25,0.88,,0.35,
34172,Montpellier,03400343613,2026-03-18T09:35:00Z,Eau d'alimentation conforme aux exigences de qualité en vigueur pour l'ensemble des paramètres mesurés.,1,7.37,730.0,0.51,23.9,33.33,0.96,,0.26,
34172,Montpellier,03400343602,2026-03-10T15:25:00Z,Eau d'alimentation conforme aux exigences de qualité en vigueur pour l'ensemble des paramètres mesurés.,1,7.78,705.0,0.0,25.8,32.92,0.74,,0.28,
67482,Strasbourg,06700270561,2026-04-22T09:06:00Z,Eau destinée à la consommation humaine conforme aux limites et aux références de qualité réglementaires pour les paramètres analysés.,1,7.4,570.0,0.0,33.0,24.8,0.0,,0.17,
67482,Strasbourg,06700270560,2026-04-22T08:35:00Z,Eau destinée à la consommation humaine conforme aux limites et aux références de qualité réglementaires pour les paramètres analysés.,1,7.5,540.0,0.0,30.0,23.0,0.0,,0.23,
67482,Strasbourg,06700270513,2026-04-20T10:29:00Z,"Eau destinée à la consommation humaine conforme aux limites de qualité réglementaires pour les paramètres analysés. La concentration des bactéries revivifiables à 22°C et/ou à 36°C est importante. Elles ne présentent pas de risque pour la santé humaine. Si nécessaire, le distributeur d'eau doit effectuer une purge du réseau d'eau potable.",1,7.3,560.0,0.0,31.0,23.8,0.6,,0.24,
67482,Strasbourg,06700270529,2026-04-17T10:32:00Z,Eau destinée à la consommation humaine conforme aux limites et aux références de qualité réglementaires pour les paramètres analysés.,1,7.6,540.0,0.1,31.0,24.2,0.6,,0.24,
67482,Strasbourg,06700270532,2026-04-17T10:11:00Z,"Eau destinée à la consommation humaine conforme aux limites de qualité réglementaires pour les paramètres analysés. La concentration des bactéries revivifiables à 22°C et/ou à 36°C est importante. Elles ne présentent pas de risque pour la santé humaine. Si nécessaire, le distributeur d'eau doit effectuer une purge du réseau d'eau potable.",1,7.4,530.0,0.0,31.0,24.5,0.6,,0.24,
67482,Strasbourg,06700270530,2026-04-17T09:40:00Z,Eau destinée à la consommation humaine conforme aux limites et aux références de qualité réglementaires pour les paramètres analysés.,1,7.4,520.0,0.0,31.0,24.6,0.6,,0.3,
67482,Strasbourg,06700270526,2026-04-17T09:19:00Z,"Eau destinée à la consommation humaine conforme aux limites de qualité réglementaires pour les paramètres analysés. La concentration des bactéries revivifiables à 22°C et/ou à 36°C est importante. Elles ne présentent pas de risque pour la santé humaine. Si nécessaire, le distributeur d'eau doit effectuer une purge du réseau d'eau potable.",1,7.3,480.0,0.2,30.0,22.5,0.7,,0.23,
67482,Strasbourg,06700270527,2026-04-17T07:42:00Z,"Eau destinée à la consommation humaine conforme aux limites de qualité réglementaires pour les paramètres analysés. La concentration des bactéries revivifiables à 22°C et/ou à 36°C est importante. Elles ne présentent pas de risque pour la santé humaine. Si nécessaire, le distributeur d'eau doit effectuer une purge du réseau d'eau potable.",1,7.4,550.0,0.0,31.0,24.6,0.5,,0.21,
67482,Strasbourg,06700270328,2026-04-02T08:32:00Z,Eau destinée à la consommation humaine conforme aux limites et aux références de qualité réglementaires pour les paramètres analysés.,1,7.7,550.0,0.0,31.0,23.8,0.4,,0.26,
67482,Strasbourg,06700270360,2026-04-02T08:04:00Z,Eau destinée à la consommation humaine conforme aux limites et aux références de qualité réglementaires pour les paramètres analysés.,1,7.6,540.0,0.0,31.0,23.8,0.3,,0.26,
67482,Strasbourg,06700270329,2026-04-02T07:36:00Z,Eau destinée à la consommation humaine conforme aux limites et aux références de qualité réglementaires pour les paramètres analysés.,1,7.4,570.0,0.0,33.0,24.7,0.4,,0.23,
67482,Strasbourg,06700270327,2026-04-02T07:14:00Z,Eau destinée à la consommation humaine conforme aux limites et aux références de qualité réglementaires pour les paramètres analysés.,1,7.5,560.0,0.0,31.0,24.4,0.4,,0.23,
33063,Bordeaux,03300276595,2026-04-29T12:35:00Z,Eau d'alimentation conforme aux exigences de qualité en vigueur pour l'ensemble des paramètres mesurés.,1,7.5,518.0,0.0,23.0,21.2,0.75,,,
33063,Bordeaux,03300276602,2026-04-29T12:15:00Z,Eau d'alimentation conforme aux exigences de qualité en vigueur pour l'ensemble des paramètres mesurés.,1,7.4,510.0,0.2,21.0,20.7,0.81,,0.06,
33063,Bordeaux,03300276601,2026-04-29T12:00:00Z,Eau d'alimentation conforme aux exigences de qualité en vigueur pour l'ensemble des paramètres mesurés.,1,7.3,597.0,0.2,24.0,26.2,0.78,,0.24,
33063,Bordeaux,03300276600,2026-04-29T11:45:00Z,Eau d'alimentation conforme aux exigences de qualité en vigueur pour l'ensemble des paramètres mesurés.,1,7.3,485.0,0.21,17.0,20.7,0.83,,0.19,
33063,Bordeaux,03300276599,2026-04-29T11:15:00Z,Eau d'alimentation conforme aux exigences de qualité en vigueur pour l'ensemble des paramètres mesurés.,1,7.5,483.0,0.0,16.0,20.8,0.83,,0.21,
33063,Bordeaux,03300276598,2026-04-29T10:50:00Z,Eau d'alimentation conforme aux exigences de qualité en vigueur pour l'ensemble des paramètres mesurés.,1,7.5,493.0,0.0,17.0,21.2,0.84,,0.08,
33063,Bordeaux,03300276338,2026-04-14T11:40:00Z,Eau d'alimentation conforme aux exigences de qualité en vigueur pour l'ensemble des paramètres mesurés.,1,7.6,518.0,0.24,14.0,21.9,1.2,,0.23,
33063,Bordeaux,03300276339,2026-04-14T11:35:00Z,Eau d'alimentation conforme aux exigences de qualité en vigueur pour l'ensemble des paramètres mesurés.,1,7.6,531.0,0.0,22.0,21.4,0.99,,0.22,
33063,Bordeaux,03300276340,2026-04-14T11:10:00Z,Eau d'alimentation conforme aux exigences de qualité en vigueur pour l'ensemble des paramètres mesurés.,1,7.6,535.0,0.0,14.0,22.5,1.1,,0.11,
33063,Bordeaux,03300276347,2026-04-14T10:50:00Z,Eau d'alimentation conforme aux exigences de qualité en vigueur pour l'ensemble des paramètres mesurés.,1,7.6,543.0,0.29,25.0,22.2,1.0,,0.26,
33063,Bordeaux,03300276346,2026-04-14T10:20:00Z,Eau d'alimentation conforme aux exigences de qualité en vigueur pour l'ensemble des paramètres mesurés.,1,7.5,541.0,0.48,24.0,22.2,1.0,,0.28,
33063,Bordeaux,03300276166,2026-04-07T13:10:00Z,Eau d'alimentation conforme aux exigences de qualité en vigueur pour l'ensemble des paramètres mesurés.,1,7.4,733.0,0.0,59.0,29.7,0.67,,0.35,
59350,Lille,05900341298,2026-04-15T08:22:00Z,Eau d'alimentation conforme aux exigences de qualité en vigueur pour l'ensemble des paramètres mesurés.,1,7.5,839.0,0.11,92.0,36.75,0.79,,0.15,
59350,Lille,05900341321,2026-04-09T11:46:00Z,Eau d'alimentation conforme aux exigences de qualité en vigueur pour l'ensemble des paramètres mesurés.,1,7.3,881.0,0.25,72.0,39.97,0.84,,0.26,
59350,Lille,05900341322,2026-04-09T11:22:00Z,Eau d'alimentation conforme aux exigences de qualité en vigueur pour l'ensemble des paramètres mesurés.,1,7.5,898.0,0.1,87.0,38.19,0.66,,0.24,
59350,Lille,05900340774,2026-03-25T09:43:00Z,Eau d'alimentation conforme aux exigences de qualité en vigueur pour l'ensemble des paramètres mesurés.,1,7.5,842.0,0.0,90.0,35.38,0.75,,0.29,
59350,Lille,05900340775,2026-03-25T09:08:00Z,Eau d'alimentation conforme aux exigences de qualité en vigueur pour l'ensemble des paramètres mesurés.,1,7.5,838.0,0.0,94.0,35.12,0.6,,0.25,
59350,Lille,05900340716,2026-03-18T11:46:00Z,Eau d'alimentation conforme aux exigences de qualité en vigueur pour l'ensemble des paramètres mesurés.,1,7.6,814.0,0.14,93.0,34.54,0.68,,0.13,
59350,Lille,05900340478,2026-03-06T11:18:00Z,Eau d'alimentation conforme aux exigences de qualité en vigueur pour l'ensemble des paramètres mesurés.,1,7.7,656.0,0.12,18.4,28.54,0.42,,0.3,
59350,Lille,05900340645,2026-03-06T09:07:00Z,Cette eau d’alimentation respecte les recommandations en vigueur concernant la teneur en ions perchlorates et les exigences de qualité réglementaires pour les autres paramètres mesurés.,0,7.6,899.0,0.85,77.0,34.99,0.68,,0.29,
59350,Lille,05900340482,2026-03-06T08:53:00Z,Eau d'alimentation conforme aux exigences de qualité en vigueur pour l'ensemble des paramètres mesurés.,1,7.5,902.0,0.25,82.0,37.6,0.55,,0.26,
59350,Lille,05900340405,2026-02-27T09:09:00Z,Eau d'alimentation conforme aux exigences de qualité en vigueur pour l'ensemble des paramètres mesurés.,1,7.6,899.0,0.12,77.0,32.85,0.6,,0.22,
59350,Lille,05900340243,2026-02-20T10:11:00Z,Eau d'alimentation conforme aux exigences de qualité en vigueur pour l'ensemble des paramètres mesurés.,1,7.7,622.0,0.12,19.0,28.62,0.77,,0.26,
59350,Lille,05900340101,2026-02-17T09:27:00Z,Eau d'alimentation conforme aux exigences de qualité en vigueur pour l'ensemble des paramètres mesurés.,1,7.5,903.0,0.16,95.0,40.34,0.68,,0.3,
35238,Rennes,03500179041,2026-04-28T14:25:00Z,Eau d'alimentation conforme aux exigences de qualité en vigueur pour l'ensemble des paramètres mesurés.,1,7.9,411.0,0.0,15.0,14.4,0.6,,0.22,
35238,Rennes,03500178835,2026-04-13T10:08:00Z,Eau d'alimentation conforme aux exigences de qualité en vigueur pour l'ensemble des paramètres mesurés.,1,8.2,416.0,0.0,19.7,15.4,0.4,,0.35,
35238,Rennes,03500178776,2026-04-07T14:26:00Z,Eau d'alimentation conforme aux exigences de qualité en vigueur pour l'ensemble des paramètres mesurés.,1,8.3,406.0,0.0,13.7,15.2,1.1,,0.2,
35238,Rennes,03500178519,2026-03-19T14:00:00Z,Eau d'alimentation conforme aux exigences de qualité en vigueur pour l'ensemble des paramètres mesurés.,1,8.0,413.0,0.0,11.7,15.8,0.9,,0.39,
35238,Rennes,03500178448,2026-03-12T13:40:00Z,Eau d'alimentation conforme aux exigences de qualité en vigueur pour l'ensemble des paramètres mesurés.,1,8.2,415.0,0.0,20.0,15.6,0.6,,0.3,
35238,Rennes,03500178431,2026-03-10T14:41:00Z,Eau d'alimentation conforme aux exigences de qualité en vigueur pour l'ensemble des paramètres mesurés.,1,8.2,402.0,0.0,12.2,15.4,0.9,0.85,0.35,
35238,Rennes,03500178347,2026-03-04T09:13:00Z,Eau d'alimentation conforme aux exigences de qualité en vigueur pour l'ensemble des paramètres mesurés.,1,8.2,407.0,0.0,19.3,15.5,0.5,,0.21,
35238,Rennes,03500178453,2026-02-26T15:01:00Z,"Eau d'alimentation conforme aux exigences de qualité en vigueur pour l'ensemble des paramètres mesurés. Cependant, il convient de signaler la présence de traces de pesticides.",1,8.1,402.0,0.0,12.5,15.1,1.0,12.7,0.36,
35238,Rennes,03500178262,2026-02-24T11:45:00Z,Eau d'alimentation conforme aux exigences de qualité en vigueur pour l'ensemble des paramètres mesurés.,1,8.1,399.0,0.0,11.9,15.4,1.0,,0.22,
35238,Rennes,03500178164,2026-02-18T15:03:00Z,Eau d'alimentation conforme aux exigences de qualité en vigueur pour l'ensemble des paramètres mesurés.,1,8.1,431.0,0.0,13.5,16.8,0.8,,0.24,
35238,Rennes,03500178055,2026-02-11T14:01:00Z,Eau d'alimentation conforme aux exigences de qualité en vigueur pour l'ensemble des paramètres mesurés.,1,7.9,464.0,0.0,19.6,17.6,1.1,,0.37,
35238,Rennes,03500178005,2026-02-03T15:20:00Z,Eau d'alimentation conforme aux exigences de qualité en vigueur pour l'ensemble des paramètres mesurés.,1,7.9,449.0,0.0,17.4,18.3,0.9,,0.26,
51454,Reims,05100145331,2026-04-28T12:20:00Z,Eau d'alimentation conforme aux exigences de qualité en vigueur pour l'ensemble des paramètres mesurés.,1,7.3,655.0,0.0,30.0,29.3,0.67,,0.34,
51454,Reims,05100145332,2026-04-28T11:19:00Z,Eau d'alimentation conforme aux exigences de qualité en vigueur pour l'ensemble des paramètres mesurés.,1,7.4,560.0,0.0,13.3,27.2,0.69,,0.4,
51454,Reims,05100145321,2026-04-28T10:29:00Z,Eau d'alimentation conforme aux exigences de qualité en vigueur pour l'ensemble des paramètres mesurés.,1,7.0,560.0,0.0,14.2,27.4,0.73,,0.31,
51454,Reims,05100145481,2026-04-23T13:49:00Z,Eau d'alimentation conforme aux exigences de qualité en vigueur pour l'ensemble des paramètres mesurés.,1,7.3,650.0,0.0,33.9,30.7,0.63,0.0,0.46,
51454,Reims,05100145280,2026-04-23T11:42:00Z,Eau d'alimentation conforme aux exigences de qualité en vigueur pour l'ensemble des paramètres mesurés.,1,7.0,665.0,0.0,31.1,28.9,0.68,,0.26,
51454,Reims,05100145281,2026-04-23T11:17:00Z,Eau d'alimentation conforme aux exigences de qualité en vigueur pour l'ensemble des paramètres mesurés.,1,7.1,625.0,0.0,30.0,30.0,0.61,,0.31,
51454,Reims,05100145282,2026-04-22T10:16:00Z,Eau d'alimentation conforme aux exigences de qualité en vigueur pour l'ensemble des paramètres mesurés.,1,7.3,625.0,0.0,24.6,29.1,0.64,,0.14,
51454,Reims,05100145202,2026-04-16T11:30:00Z,Eau d'alimentation conforme aux exigences de qualité en vigueur pour l'ensemble des paramètres mesurés.,1,7.2,645.0,0.0,30.6,30.1,0.59,,0.54,
51454,Reims,05100145203,2026-04-16T11:07:00Z,Eau d'alimentation conforme aux exigences de qualité en vigueur pour l'ensemble des paramètres mesurés.,1,7.3,665.0,0.0,31.9,30.3,0.76,,0.38,
51454,Reims,05100145537,2026-04-10T13:55:00Z,"L'eau distribuée présente des concentrations en pesticides supérieures aux exigences réglementaires fixées à 0,1 µg/l, mais inférieures aux valeurs définies pour en limiter les usages sanitaires. Un contrôle renforcé est en place et des actions sont engagées par l’exploitant pour restaurer la qualité de l’eau. Cette eau est de bonne qualité pour les autres paramètres. Elle peut être consommée par tous.",0,7.0,660.0,0.0,28.8,28.7,0.64,0.0,0.76,
51454,Reims,05100145121,2026-04-09T09:40:00Z,Eau d'alimentation conforme aux exigences de qualité en vigueur pour l'ensemble des paramètres mesurés.,1,7.3,660.0,0.0,30.9,29.9,0.71,,0.25,
51454,Reims,05100145120,2026-04-09T08:58:00Z,Eau d'alimentation conforme aux exigences de qualité en vigueur pour l'ensemble des paramètres mesurés.,1,7.2,545.0,0.0,13.5,27.0,0.64,,0.41,
42218,Saint-Étienne,04200200354,2026-04-28T14:20:00Z,Eau d'alimentation conforme aux exigences de qualité en vigueur pour l'ensemble des paramètres mesurés.,1,8.0,217.0,0.21,6.1,7.98,1.0,,0.28,
42218,Saint-Étienne,04200200295,2026-04-24T13:56:00Z,Eau d'alimentation conforme aux exigences de qualité en vigueur pour l'ensemble des paramètres mesurés.,1,7.6,207.0,0.18,5.6,8.41,0.83,22.95,0.48,
42218,Saint-Étienne,04200200294,2026-04-22T10:24:00Z,Eau d'alimentation conforme aux limites de qualité et non conforme aux références de qualité.,0,7.4,196.0,0.0,6.7,7.91,0.61,22.6,0.37,
42218,Saint-Étienne,04200200356,2026-04-21T14:00:00Z,Eau d'alimentation conforme aux exigences de qualité en vigueur pour l'ensemble des paramètres mesurés.,1,7.8,223.0,0.0,6.3,8.43,1.0,,0.34,
42218,Saint-Étienne,04200200293,2026-04-13T10:30:00Z,Eau d'alimentation conforme aux exigences de qualité en vigueur pour l'ensemble des paramètres mesurés.,1,8.2,220.0,0.0,6.0,8.88,0.8,23.6,0.3,
42218,Saint-Étienne,04200200292,2026-04-10T11:06:00Z,Eau d'alimentation conforme aux exigences de qualité en vigueur pour l'ensemble des paramètres mesurés.,1,8.1,236.0,0.0,6.0,8.36,0.9,18.95,0.25,
42218,Saint-Étienne,04200200263,2026-04-08T11:46:00Z,Eau d'alimentation conforme aux exigences de qualité en vigueur pour l'ensemble des paramètres mesurés.,1,8.0,225.0,0.0,6.5,8.43,1.2,16.0,0.42,
42218,Saint-Étienne,04200200355,2026-04-07T12:43:00Z,Eau d'alimentation conforme aux exigences de qualité en vigueur pour l'ensemble des paramètres mesurés.,1,7.8,229.0,0.0,6.4,8.24,0.79,,0.26,
42218,Saint-Étienne,04200200291,2026-04-02T15:16:00Z,Eau d'alimentation conforme aux exigences de qualité en vigueur pour l'ensemble des paramètres mesurés.,1,7.8,221.0,0.1,6.3,7.97,0.83,14.0,0.32,
42218,Saint-Étienne,04200200016,2026-03-30T11:44:00Z,Eau d'alimentation conforme aux exigences de qualité en vigueur pour l'ensemble des paramètres mesurés.,1,7.9,227.0,0.24,5.9,8.27,0.81,12.0,0.28,
42218,Saint-Étienne,04200200015,2026-03-25T11:57:00Z,Eau d'alimentation conforme aux exigences de qualité en vigueur pour l'ensemble des paramètres mesurés.,1,8.0,207.0,0.11,6.8,8.17,0.79,,0.34,
42218,Saint-Étienne,04200199940,2026-03-19T11:30:00Z,Eau d'alimentation conforme aux exigences de qualité en vigueur pour l'ensemble des paramètres mesurés.,1,8.2,216.0,0.0,6.1,8.09,1.1,15.72,0.42,
38185,Grenoble,03800355936,2026-04-27T11:45:00Z,Eau d'alimentation conforme aux exigences de qualité en vigueur pour l'ensemble des paramètres mesurés.,1,7.7,403.0,0.13,45.5,19.47,0.27,,0.0,
38185,Grenoble,03800355858,2026-04-22T08:45:00Z,Eau d'alimentation conforme aux exigences de qualité en vigueur pour l'ensemble des paramètres mesurés.,1,7.7,431.0,0.0,49.2,20.16,0.26,,0.0,
38185,Grenoble,03800355778,2026-04-16T08:25:00Z,Eau d'alimentation conforme aux exigences de qualité en vigueur pour l'ensemble des paramètres mesurés.,1,7.7,392.0,0.16,45.9,18.56,0.35,,0.0,
38185,Grenoble,03800355734,2026-04-13T11:45:00Z,Eau d'alimentation conforme aux exigences de qualité en vigueur pour l'ensemble des paramètres mesurés.,1,7.7,437.0,0.0,44.3,19.74,0.0,,0.0,
38185,Grenoble,03800356020,2026-04-07T11:50:00Z,Eau d'alimentation conforme aux exigences de qualité en vigueur pour l'ensemble des paramètres mesurés.,1,7.7,404.0,0.0,43.6,19.11,0.35,,0.0,
38185,Grenoble,03800355429,2026-04-02T11:10:00Z,Eau d'alimentation conforme aux exigences de qualité en vigueur pour l'ensemble des paramètres mesurés.,1,7.8,419.0,0.0,45.2,18.98,0.26,,0.0,
38185,Grenoble,03800355465,2026-03-31T13:40:00Z,Eau d'alimentation conforme aux exigences de qualité en vigueur pour l'ensemble des paramètres mesurés.,1,7.8,423.0,0.0,51.0,20.53,0.26,,0.0,
38185,Grenoble,03800355129,2026-03-23T11:40:00Z,Eau d'alimentation conforme aux exigences de qualité en vigueur pour l'ensemble des paramètres mesurés.,1,7.9,415.0,0.0,46.1,19.47,0.0,,0.0,
38185,Grenoble,03800355046,2026-03-17T08:35:00Z,Eau d'alimentation conforme aux exigences de qualité en vigueur pour l'ensemble des paramètres mesurés.,1,7.7,398.0,0.11,47.3,17.71,0.0,,0.0,
38185,Grenoble,03800354865,2026-03-13T11:15:00Z,Eau d'alimentation conforme aux exigences de qualité en vigueur pour l'ensemble des paramètres mesurés.,1,7.7,364.0,0.12,47.5,18.3,0.0,,0.0,
38185,Grenoble,03800354790,2026-03-09T11:00:00Z,Eau d'alimentation conforme aux exigences de qualité en vigueur pour l'ensemble des paramètres mesurés.,1,7.8,401.0,0.0,42.8,19.32,0.0,,0.0,
38185,Grenoble,03800354654,2026-03-02T11:55:00Z,Eau d'alimentation conforme aux exigences de qualité en vigueur pour l'ensemble des paramètres mesurés.,1,7.8,391.0,0.0,46.0,18.4,0.2,,0.0,
21231,Dijon,02100176907,2026-04-27T09:25:00Z,Eau d'alimentation conforme aux exigences de qualité en vigueur pour l'ensemble des paramètres mesurés.,1,7.5,559.0,0.0,11.4,30.1,1.19,,0.41,
21231,Dijon,02100176809,2026-04-21T14:00:00Z,Eau d'alimentation conforme aux exigences de qualité en vigueur pour l'ensemble des paramètres mesurés.,1,7.5,590.0,0.0,16.0,30.3,1.13,,0.44,
21231,Dijon,02100176811,2026-04-21T12:00:00Z,Eau d'alimentation conforme aux exigences de qualité en vigueur pour l'ensemble des paramètres mesurés.,1,7.7,522.0,0.0,9.4,27.5,0.96,,0.4,
21231,Dijon,02100176810,2026-04-21T11:45:00Z,Eau d'alimentation conforme aux exigences de qualité en vigueur pour l'ensemble des paramètres mesurés.,1,7.8,519.0,0.0,9.8,27.6,1.08,,0.41,
21231,Dijon,02100176808,2026-04-21T10:00:00Z,Eau d'alimentation conforme aux exigences de qualité en vigueur pour l'ensemble des paramètres mesurés.,1,7.7,556.0,0.0,10.3,29.6,1.04,,0.41,
21231,Dijon,02100176807,2026-04-21T09:30:00Z,Eau d'alimentation conforme aux exigences de qualité en vigueur pour l'ensemble des paramètres mesurés.,1,7.8,516.0,0.0,14.3,27.0,0.92,,0.45,
21231,Dijon,02100176757,2026-04-14T13:40:00Z,Eau d'alimentation conforme aux exigences de qualité en vigueur pour l'ensemble des paramètres mesurés.,1,7.6,525.0,0.0,11.4,28.2,0.98,,0.24,
21231,Dijon,02100176661,2026-04-07T12:00:00Z,Eau d'alimentation conforme aux exigences de qualité en vigueur pour l'ensemble des paramètres mesurés.,1,7.8,582.0,0.0,12.2,28.7,1.18,,0.35,
21231,Dijon,02100176659,2026-04-07T11:45:00Z,Eau d'alimentation conforme aux exigences de qualité en vigueur pour l'ensemble des paramètres mesurés.,1,7.6,537.0,0.0,7.3,27.0,1.08,,0.37,
21231,Dijon,02100176658,2026-04-07T11:15:00Z,Eau d'alimentation conforme aux exigences de qualité en vigueur pour l'ensemble des paramètres mesurés.,1,7.6,537.0,0.0,7.3,27.1,1.15,,0.39,
21231,Dijon,02100176660,2026-04-07T10:45:00Z,Eau d'alimentation conforme aux exigences de qualité en vigueur pour l'ensemble des paramètres mesurés.,1,7.7,510.0,0.0,22.3,24.5,0.88,,0.47,
21231,Dijon,02100176657,2026-04-07T10:15:00Z,Eau d'alimentation conforme aux exigences de qualité en vigueur pour l'ensemble des paramètres mesurés.,1,7.7,512.0,0.0,22.2,25.1,0.87,,0.42,
49007,Angers,04900176417,2026-04-21T08:39:00Z,Eau d'alimentation conforme aux exigences de qualité en vigueur pour l'ensemble des paramètres mesurés.,1,8.0,477.0,0.0,19.7,18.7,0.65,,0.35,
49007,Angers,04900176459,2026-04-10T08:18:00Z,Eau d'alimentation conforme aux exigences de qualité en vigueur pour l'ensemble des paramètres mesurés.,1,8.0,448.0,0.0,17.9,17.0,0.92,,0.19,
49007,Angers,04900176421,2026-04-03T10:21:00Z,Eau d'alimentation conforme aux exigences de qualité en vigueur pour l'ensemble des paramètres mesurés.,1,7.9,460.0,0.0,18.3,18.4,1.3,,0.6,
49007,Angers,04900175901,2026-03-31T11:32:00Z,Eau d'alimentation conforme aux exigences de qualité en vigueur pour l'ensemble des paramètres mesurés.,1,8.0,464.0,0.0,18.1,18.3,1.2,,0.31,
49007,Angers,04900175926,2026-03-12T11:49:00Z,Eau d'alimentation conforme aux exigences de qualité en vigueur pour l'ensemble des paramètres mesurés.,1,8.0,440.0,0.0,16.8,17.7,1.3,,0.41,
49007,Angers,04900175779,2026-02-19T09:56:00Z,Eau d'alimentation conforme aux exigences de qualité en vigueur pour l'ensemble des paramètres mesurés.,1,8.2,374.0,0.0,13.1,14.5,1.5,,0.54,
49007,Angers,04900175780,2026-02-02T09:16:00Z,Eau d'alimentation conforme aux exigences de qualité en vigueur pour l'ensemble des paramètres mesurés.,1,7.8,415.0,0.0,16.0,17.2,1.1,,0.19,
49007,Angers,04900175514,2026-01-20T08:33:00Z,Eau d'alimentation conforme aux exigences de qualité en vigueur pour l'ensemble des paramètres mesurés.,1,8.0,433.0,0.0,15.3,16.0,1.0,,0.41,
49007,Angers,04900175515,2026-01-16T10:44:00Z,Eau d'alimentation conforme aux exigences de qualité en vigueur pour l'ensemble des paramètres mesurés.,1,8.0,456.0,0.0,17.5,18.8,0.98,,0.34,
49007,Angers,04900175516,2026-01-06T10:25:00Z,Eau d'alimentation conforme aux exigences de qualité en vigueur pour l'ensemble des paramètres mesurés.,1,7.9,446.0,0.0,16.4,17.1,1.0,,0.4,
49007,Angers,04900175324,2025-12-29T10:00:00Z,Eau d'alimentation conforme aux exigences de qualité en vigueur pour l'ensemble des paramètres mesurés.,1,8.0,440.0,0.0,,,,,0.19,
49007,Angers,04900175316,2025-12-26T09:28:00Z,Eau d'alimentation conforme aux exigences de qualité en vigueur pour l'ensemble des paramètres mesurés.,1,7.9,438.0,0.0,,,,,0.39,
30189,Nîmes,03000195334,2026-04-28T14:10:00Z,Eau d'alimentation conforme aux exigences de qualité en vigueur pour l'ensemble des paramètres mesurés.,1,7.4,479.0,0.21,49.6,24.46,0.53,,0.38,
30189,Nîmes,03000195336,2026-04-24T14:52:00Z,Eau d'alimentation conforme aux exigences de qualité en vigueur pour l'ensemble des paramètres mesurés.,1,7.58,508.0,0.11,49.0,24.83,0.71,1.4,0.55,
30189,Nîmes,03000195328,2026-04-24T11:48:00Z,Eau d'alimentation conforme aux exigences de qualité en vigueur pour l'ensemble des paramètres mesurés.,1,7.4,550.0,0.1,47.7,25.37,0.6,,0.32,
30189,Nîmes,03000195333,2026-04-23T15:24:00Z,Eau d'alimentation conforme aux exigences de qualité en vigueur pour l'ensemble des paramètres mesurés.,1,7.42,517.0,0.23,54.0,24.85,0.72,,0.14,
30189,Nîmes,03000195331,2026-04-22T14:57:00Z,Eau d'alimentation conforme aux exigences de qualité en vigueur pour l'ensemble des paramètres mesurés.,1,7.34,531.0,0.0,48.4,24.83,0.59,,0.41,
30189,Nîmes,03000195335,2026-04-20T15:57:00Z,Eau d'alimentation conforme aux exigences de qualité en vigueur pour l'ensemble des paramètres mesurés.,1,7.53,526.0,0.0,54.0,25.64,0.86,,0.55,
30189,Nîmes,03000195329,2026-04-15T15:23:00Z,Eau d'alimentation conforme aux exigences de qualité en vigueur pour l'ensemble des paramètres mesurés.,1,7.43,506.0,0.0,44.6,25.08,0.45,,0.05,
30189,Nîmes,03000195330,2026-04-14T15:53:00Z,Eau d'alimentation conforme aux exigences de qualité en vigueur pour l'ensemble des paramètres mesurés.,1,7.55,525.0,0.1,44.7,24.4,0.73,,0.28,
30189,Nîmes,03000195337,2026-04-13T16:25:00Z,Eau d'alimentation conforme aux exigences de qualité en vigueur pour l'ensemble des paramètres mesurés.,1,7.3,499.0,0.0,46.7,24.33,0.49,2.2,0.71,
30189,Nîmes,03000195327,2026-04-07T15:32:00Z,Eau d'alimentation conforme aux exigences de qualité en vigueur pour l'ensemble des paramètres mesurés.,1,7.6,491.0,0.0,48.2,25.68,0.49,,0.54,
30189,Nîmes,03000195332,2026-04-01T15:13:00Z,Eau d'alimentation conforme aux exigences de qualité en vigueur pour l'ensemble des paramètres mesurés.,1,7.5,541.0,0.0,47.3,25.73,0.4,,0.24,
30189,Nîmes,03000195696,2026-03-31T13:21:00Z,Eau d'alimentation conforme aux exigences de qualité en vigueur pour l'ensemble des paramètres mesurés.,1,7.3,528.0,0.34,,,,,0.34,
63113,Clermont-Ferrand,06300223555,2026-04-08T10:28:00Z,Eau d'alimentation conforme aux exigences de qualité en vigueur pour l'ensemble des paramètres mesurés.,1,8.3,265.0,0.0,10.7,9.62,1.4,,0.19,
63113,Clermont-Ferrand,06300223547,2026-04-03T11:40:00Z,Eau d'alimentation conforme aux exigences de qualité en vigueur pour l'ensemble des paramètres mesurés.,1,7.5,346.0,0.15,9.9,8.08,1.1,,0.07,
63113,Clermont-Ferrand,06300223564,2026-04-03T11:11:00Z,Eau d'alimentation conforme aux exigences de qualité en vigueur pour l'ensemble des paramètres mesurés.,1,7.7,288.0,0.1,7.5,6.99,0.55,,0.43,
63113,Clermont-Ferrand,06300223549,2026-04-02T10:06:00Z,Eau d'alimentation conforme aux exigences de qualité en vigueur pour l'ensemble des paramètres mesurés.,1,7.4,260.0,0.19,11.25,7.65,0.48,,0.05,
63113,Clermont-Ferrand,06300223553,2026-04-02T07:46:00Z,Eau d'alimentation conforme aux exigences de qualité en vigueur pour l'ensemble des paramètres mesurés.,1,8.2,288.0,0.11,12.0,9.73,1.3,,0.26,
63113,Clermont-Ferrand,06300222937,2026-03-13T11:07:00Z,Eau d'alimentation conforme aux exigences de qualité en vigueur pour l'ensemble des paramètres mesurés.,1,7.5,269.0,0.29,8.1,7.12,0.61,,0.35,
63113,Clermont-Ferrand,06300222939,2026-03-13T09:55:00Z,Eau d'alimentation conforme aux exigences de qualité en vigueur pour l'ensemble des paramètres mesurés.,1,7.5,362.0,0.21,11.1,7.56,0.74,,0.34,
63113,Clermont-Ferrand,06300222938,2026-03-13T09:39:00Z,Eau d'alimentation conforme aux exigences de qualité en vigueur pour l'ensemble des paramètres mesurés.,1,7.6,363.0,0.0,11.6,7.62,0.72,,0.28,
63113,Clermont-Ferrand,06300222947,2026-03-13T09:21:00Z,Eau d'alimentation conforme aux exigences de qualité en vigueur pour l'ensemble des paramètres mesurés.,1,8.2,308.0,0.34,15.1,11.18,1.4,,0.27,
63113,Clermont-Ferrand,06300222942,2026-03-12T12:08:00Z,Eau d'alimentation conforme aux exigences de qualité en vigueur pour l'ensemble des paramètres mesurés.,1,7.5,232.0,0.27,0.0,6.92,0.54,1.8,0.41,
63113,Clermont-Ferrand,06300222951,2026-03-12T11:49:00Z,Eau d'alimentation conforme aux exigences de qualité en vigueur pour l'ensemble des paramètres mesurés.,1,7.4,285.0,0.42,10.7,7.94,1.1,,0.04,
63113,Clermont-Ferrand,06300222948,2026-03-12T11:34:00Z,Eau d'alimentation conforme aux exigences de qualité en vigueur pour l'ensemble des paramètres mesurés.,1,7.6,342.0,0.23,10.1,7.88,0.68,,0.32,
72181,Le Mans,07200144489,2026-04-27T11:57:00Z,Eau d'alimentation conforme aux exigences de qualité en vigueur pour l'ensemble des paramètres mesurés.,1,7.5,660.0,0.0,27.3,29.4,1.1,,0.45,
72181,Le Mans,07200144485,2026-04-21T13:45:00Z,Eau d'alimentation conforme aux exigences de qualité en vigueur pour l'ensemble des paramètres mesurés.,1,7.4,652.0,0.0,27.3,30.0,1.1,,0.4,
72181,Le Mans,07200144481,2026-04-20T10:26:00Z,Eau d'alimentation conforme aux exigences de qualité en vigueur pour l'ensemble des paramètres mesurés.,1,7.5,663.0,0.0,27.1,30.1,0.93,,0.38,
72181,Le Mans,07200144653,2026-04-16T13:30:00Z,Eau d'alimentation conforme aux exigences de qualité en vigueur pour l'ensemble des paramètres mesurés.,1,7.4,661.0,0.0,27.6,29.5,0.99,,0.8,
72181,Le Mans,07200144483,2026-04-15T08:32:00Z,Eau d'alimentation conforme aux exigences de qualité en vigueur pour l'ensemble des paramètres mesurés.,1,7.5,666.0,0.0,27.7,30.5,1.1,,0.22,
72181,Le Mans,07200144486,2026-04-13T08:33:00Z,Eau d'alimentation conforme aux exigences de qualité en vigueur pour l'ensemble des paramètres mesurés.,1,7.8,671.0,0.0,27.5,28.4,1.5,,0.19,
72181,Le Mans,07200144484,2026-04-09T08:46:00Z,Eau d'alimentation conforme aux exigences de qualité en vigueur pour l'ensemble des paramètres mesurés.,1,7.7,668.0,0.0,27.7,27.0,1.5,,0.45,
72181,Le Mans,07200144488,2026-04-07T08:28:00Z,Eau d'alimentation conforme aux exigences de qualité en vigueur pour l'ensemble des paramètres mesurés.,1,7.6,686.0,0.0,28.4,30.2,1.4,,0.4,
72181,Le Mans,07200144482,2026-04-02T08:48:00Z,Eau d'alimentation conforme aux exigences de qualité en vigueur pour l'ensemble des paramètres mesurés.,1,7.7,683.0,0.0,28.7,31.0,1.5,,0.31,
72181,Le Mans,07200144376,2026-03-26T08:51:00Z,Eau d'alimentation conforme aux exigences de qualité en vigueur pour l'ensemble des paramètres mesurés.,1,7.7,681.0,0.0,28.3,30.5,1.4,,0.41,
72181,Le Mans,07200144373,2026-03-19T08:37:00Z,Eau d'alimentation conforme aux exigences de qualité en vigueur pour l'ensemble des paramètres mesurés.,1,7.9,675.0,0.0,27.9,26.3,1.7,,0.27,
72181,Le Mans,07200144372,2026-03-18T12:53:00Z,Eau d'alimentation conforme aux exigences de qualité en vigueur pour l'ensemble des paramètres mesurés.,1,7.7,658.0,0.0,27.5,24.9,1.7,,0.22,
29019,Brest,02900267730,2026-04-30T10:00:00Z,Eau d'alimentation conforme aux exigences de qualité en vigueur pour l'ensemble des paramètres mesurés.,1,8.1,344.0,0.2,20.0,10.0,0.63,,0.08,
29019,Brest,02900267676,2026-04-27T09:10:00Z,Eau d'alimentation conforme aux exigences de qualité en vigueur pour l'ensemble des paramètres mesurés.,1,8.0,383.0,0.15,20.0,13.0,0.92,,0.26,
29019,Brest,02900267512,2026-04-21T11:15:00Z,Eau d'alimentation conforme aux exigences de qualité en vigueur pour l'ensemble des paramètres mesurés.,1,8.0,336.0,0.15,19.0,11.0,0.76,,0.1,
29019,Brest,02900267724,2026-04-21T08:40:00Z,Eau d'alimentation conforme aux exigences de qualité en vigueur pour l'ensemble des paramètres mesurés.,1,8.1,333.0,0.15,18.0,11.0,0.8,48.26,0.07,
29019,Brest,02900267369,2026-04-15T10:30:00Z,Eau d'alimentation conforme aux exigences de qualité en vigueur pour l'ensemble des paramètres mesurés.,1,8.1,366.0,0.13,21.0,11.0,0.91,,0.29,
29019,Brest,02900267368,2026-04-15T09:00:00Z,Eau d'alimentation conforme aux exigences de qualité en vigueur pour l'ensemble des paramètres mesurés.,1,8.0,354.0,0.16,21.0,11.0,0.66,,0.1,
29019,Brest,02900267114,2026-03-31T10:00:00Z,Eau d'alimentation conforme aux exigences de qualité en vigueur pour l'ensemble des paramètres mesurés.,1,8.1,339.0,0.21,18.0,11.0,0.73,,0.16,
29019,Brest,02900267113,2026-03-31T09:30:00Z,Eau d'alimentation conforme aux exigences de qualité en vigueur pour l'ensemble des paramètres mesurés.,1,7.9,373.0,0.17,23.0,11.0,0.7,,0.2,
29019,Brest,02900267066,2026-03-27T10:35:00Z,Eau d'alimentation conforme aux exigences de qualité en vigueur pour l'ensemble des paramètres mesurés.,1,7.9,360.0,0.31,21.0,11.0,0.66,,0.11,
29019,Brest,02900266957,2026-03-19T09:10:00Z,Eau d'alimentation conforme aux exigences de qualité en vigueur pour l'ensemble des paramètres mesurés.,1,7.9,347.0,0.33,20.0,11.0,0.67,,0.23,
29019,Brest,02900266865,2026-03-11T11:25:00Z,Eau d'alimentation conforme aux exigences de qualité en vigueur pour l'ensemble des paramètres mesurés.,1,7.7,324.0,0.2,20.0,10.0,0.76,,0.32,
29019,Brest,02900267244,2026-03-09T09:30:00Z,Eau d'alimentation conforme aux exigences de qualité en vigueur pour l'ensemble des paramètres mesurés.,1,7.9,316.0,0.2,17.0,10.0,0.73,1.54,0.5,
37261,Tours,03700135272,2026-04-22T10:10:00Z,Eau d'alimentation conforme aux exigences de qualité en vigueur pour l'ensemble des paramètres mesurés.,1,7.5,281.0,0.0,17.1,11.7,1.5,,0.24,
37261,Tours,03700135256,2026-04-22T09:26:00Z,Eau d'alimentation conforme aux limites de qualité. Eau agressive.,1,7.4,330.0,0.0,17.0,12.4,1.5,15.0,0.19,
37261,Tours,03700135245,2026-04-22T08:53:00Z,Eau d'alimentation conforme aux exigences de qualité en vigueur pour l'ensemble des paramètres mesurés.,1,7.2,297.0,0.0,17.1,12.6,1.5,,0.19,
37261,Tours,03700135284,2026-04-22T08:06:00Z,Eau d'alimentation conforme aux exigences de qualité en vigueur pour l'ensemble des paramètres mesurés.,1,7.7,282.0,0.0,16.9,11.7,1.6,,0.23,
37261,Tours,03700135255,2026-04-15T11:46:00Z,Eau d'alimentation conforme aux exigences de qualité en vigueur pour l'ensemble des paramètres mesurés.,1,7.4,288.0,0.0,16.8,12.0,1.6,,0.14,
37261,Tours,03700135273,2026-04-08T12:01:00Z,Eau d'alimentation conforme aux exigences de qualité en vigueur pour l'ensemble des paramètres mesurés.,1,7.7,279.0,0.0,15.7,12.3,1.7,,0.23,
37261,Tours,03700135257,2026-04-08T09:25:00Z,Eau d'alimentation conforme aux exigences de qualité en vigueur pour l'ensemble des paramètres mesurés.,1,7.5,270.0,0.0,16.3,11.5,1.7,,0.35,
37261,Tours,03700135014,2026-03-23T10:08:00Z,"Eau d'alimentation, prélevée au point de mise en distribution, conforme aux exigences de qualité en vigueur pour l'ensemble des paramètres mesurés.",1,7.6,257.0,0.0,15.0,11.0,2.0,,0.35,
37261,Tours,03700135025,2026-03-19T10:40:00Z,Eau d'alimentation conforme aux limites de qualité et non conforme aux références de qualité pour le paramètre Carbone Organique Total. L’exploitant est tenu de mettre en place une surveillance de ce paramètre. Le dépassement de COT ne présente pas dans cette analyse un risque pour la santé des consommateurs.,0,7.4,283.0,0.0,14.7,10.5,2.2,,0.23,
37261,Tours,03700135043,2026-03-19T10:20:00Z,Eau d'alimentation conforme aux limites de qualité et non conforme aux références de qualité pour le paramètre Carbone Organique Total. L’exploitant est tenu de mettre en place une surveillance de ce paramètre. Le dépassement de COT ne présente pas dans cette analyse un risque pour la santé des consommateurs.,0,7.7,256.0,0.0,14.4,10.2,2.1,,0.15,
37261,Tours,03700135026,2026-03-19T09:48:00Z,Eau d'alimentation conforme aux limites de qualité et non conforme aux références de qualité pour le paramètre Carbone Organique Total. L’exploitant est tenu de mettre en place une surveillance de ce paramètre. Le dépassement de COT ne présente pas dans cette analyse un risque pour la santé des consommateurs.,0,7.7,283.0,0.0,14.3,10.4,2.1,,0.18,
37261,Tours,03700135027,2026-03-19T09:21:00Z,Eau d'alimentation conforme aux limites de qualité et non conforme aux références de qualité pour le paramètre Carbone Organique Total. L’exploitant est tenu de mettre en place une surveillance de ce paramètre. Le dépassement de COT ne présente pas dans cette analyse un risque pour la santé des consommateurs.,0,8.0,273.0,0.0,15.5,11.0,2.3,,0.1,
80021,Amiens,08000133974,2026-04-23T12:29:00Z,Eau d'alimentation conforme aux exigences de qualité en vigueur pour l'ensemble des paramètres mesurés.,1,7.1,550.0,0.0,5.7,25.1,0.34,,0.41,
80021,Amiens,08000133973,2026-04-23T12:12:00Z,Eau d'alimentation conforme aux exigences de qualité en vigueur pour l'ensemble des paramètres mesurés.,1,7.1,550.0,0.0,5.7,24.8,0.33,,0.42,
80021,Amiens,08000133994,2026-04-23T11:35:00Z,Eau d'alimentation conforme aux exigences de qualité en vigueur pour l'ensemble des paramètres mesurés.,1,7.0,620.0,0.0,9.6,29.4,0.5,,,
80021,Amiens,08000133711,2026-03-31T12:42:00Z,Eau d'alimentation conforme aux exigences de qualité en vigueur pour l'ensemble des paramètres mesurés.,1,7.4,620.0,0.0,6.1,27.1,0.43,,,
80021,Amiens,08000133712,2026-03-31T10:35:00Z,Eau d'alimentation conforme aux exigences de qualité en vigueur pour l'ensemble des paramètres mesurés.,1,7.1,630.0,0.0,11.8,28.2,0.62,,,
80021,Amiens,08000133710,2026-03-31T09:24:00Z,Eau d'alimentation conforme aux exigences de qualité en vigueur pour l'ensemble des paramètres mesurés.,1,7.3,630.0,0.49,10.2,27.6,0.54,,,
80021,Amiens,08000133370,2026-03-05T12:08:00Z,Eau d'alimentation conforme aux exigences de qualité en vigueur pour l'ensemble des paramètres mesurés.,1,7.2,555.0,0.0,6.7,26.1,0.35,,0.28,
80021,Amiens,08000133369,2026-03-05T09:08:00Z,Eau d'alimentation conforme aux exigences de qualité en vigueur pour l'ensemble des paramètres mesurés.,1,7.2,545.0,0.0,5.8,25.6,0.32,,0.38,
80021,Amiens,08000133356,2026-03-03T13:14:00Z,Eau d'alimentation conforme aux exigences de qualité en vigueur pour l'ensemble des paramètres mesurés.,1,7.4,610.0,0.0,6.2,28.0,0.36,,,
80021,Amiens,08000133355,2026-03-03T09:58:00Z,Eau d'alimentation conforme aux exigences de qualité en vigueur pour l'ensemble des paramètres mesurés.,1,7.2,640.0,0.0,12.0,29.1,0.56,,,
80021,Amiens,08000133357,2026-03-03T08:54:00Z,Eau d'alimentation conforme aux exigences de qualité en vigueur pour l'ensemble des paramètres mesurés.,1,7.4,640.0,0.32,10.4,28.8,0.48,,,
80021,Amiens,08000133458,2026-02-18T10:04:00Z,"Eau d'alimentation conforme aux exigences de qualité en vigueur pour l'ensemble des paramètres mesurés. Par ailleurs, l’analyse a révélé la présence de perchlorate dans une concentration toutefois inférieure au seuil de 4µg/l, seuil de restriction d'usage pour les nourrissons recommandé par l'Anses.",1,7.2,625.0,0.0,11.8,28.1,0.63,,,
87085,Limoges,08700128098,2026-04-27T13:30:00Z,Eau d'alimentation conforme aux exigences de qualité en vigueur pour l'ensemble des paramètres mesurés.,1,8.0,257.0,0.0,6.2,9.2,1.4,8.0,0.6,
87085,Limoges,08700127874,2026-04-27T10:54:00Z,Eau d'alimentation conforme aux exigences de qualité en vigueur pour l'ensemble des paramètres mesurés.,1,8.3,253.0,0.0,,,,,0.1,
87085,Limoges,08700127882,2026-04-27T10:20:00Z,Eau d'alimentation conforme aux exigences de qualité en vigueur pour l'ensemble des paramètres mesurés.,1,8.0,256.0,0.0,5.9,9.2,1.4,,0.3,
87085,Limoges,08700127875,2026-04-27T10:18:00Z,Eau d'alimentation conforme aux exigences de qualité en vigueur pour l'ensemble des paramètres mesurés.,1,8.1,259.0,0.0,,,,,0.5,
87085,Limoges,08700127883,2026-04-27T09:55:00Z,Eau d'alimentation conforme aux exigences de qualité en vigueur pour l'ensemble des paramètres mesurés.,1,8.0,257.0,0.0,8.1,9.1,1.4,,0.25,
87085,Limoges,08700127863,2026-04-23T12:23:00Z,Eau ne respectant pas les exigences de qualité bactériologique des eaux destinées à la consommation humaine. Contamination bactériologique nécessitant une surveillance accrue des installations de production et de stockage.,0,8.2,254.0,0.0,,,,,0.6,
87085,Limoges,08700127862,2026-04-23T12:13:00Z,Eau d'alimentation conforme aux exigences de qualité en vigueur pour l'ensemble des paramètres mesurés.,1,8.2,250.0,0.0,,,,,0.35,
87085,Limoges,08700127824,2026-04-20T10:40:00Z,Eau d'alimentation conforme aux exigences de qualité en vigueur pour l'ensemble des paramètres mesurés.,1,7.8,266.0,0.0,5.7,9.8,1.4,,0.3,
87085,Limoges,08700127825,2026-04-20T08:50:00Z,Eau ne respectant pas les exigences de qualité bactériologique des eaux destinées à la consommation humaine. Contamination bactériologique nécessitant une surveillance accrue des installations de production et de stockage.,0,7.8,259.0,0.0,5.8,9.5,1.4,,0.25,
87085,Limoges,08700127785,2026-04-14T13:49:00Z,Eau d'alimentation conforme aux exigences de qualité en vigueur pour l'ensemble des paramètres mesurés.,1,7.9,250.0,0.0,5.1,9.8,1.3,,0.4,
87085,Limoges,08700127786,2026-04-14T12:08:00Z,Eau d'alimentation conforme aux exigences de qualité en vigueur pour l'ensemble des paramètres mesurés.,1,7.9,254.0,0.0,5.1,9.9,1.3,,0.35,
87085,Limoges,08700127702,2026-04-10T10:41:00Z,Eau d'alimentation conforme aux exigences de qualité en vigueur pour l'ensemble des paramètres mesurés.,1,8.1,252.0,0.0,,,,,0.25,
66136,Perpignan,06600226932,2026-04-20T14:47:00Z,Eau d'alimentation conforme aux exigences de qualité en vigueur pour l'ensemble des paramètres mesurés.,1,7.9,345.0,0.27,37.0,15.2,0.52,,0.26,
66136,Perpignan,06600226934,2026-04-20T14:07:00Z,Eau d'alimentation conforme aux exigences de qualité en vigueur pour l'ensemble des paramètres mesurés.,1,7.6,306.0,0.13,31.1,12.5,0.23,,0.24,
66136,Perpignan,06600226936,2026-04-13T12:58:00Z,Eau d'alimentation conforme aux exigences de qualité en vigueur pour l'ensemble des paramètres mesurés.,1,7.5,514.0,0.0,33.2,13.6,0.0,,0.33,
66136,Perpignan,06600226931,2026-04-13T12:40:00Z,Eau d'alimentation conforme aux exigences de qualité en vigueur pour l'ensemble des paramètres mesurés.,1,7.6,301.0,0.11,31.1,11.3,0.0,,0.4,
66136,Perpignan,06600226930,2026-04-13T07:46:00Z,Eau d'alimentation conforme aux exigences de qualité en vigueur pour l'ensemble des paramètres mesurés.,1,7.5,298.0,0.0,31.4,11.3,0.0,,0.4,
66136,Perpignan,06600226935,2026-04-07T09:41:00Z,Eau d'alimentation conforme aux exigences de qualité en vigueur pour l'ensemble des paramètres mesurés.,1,7.5,477.0,0.31,36.3,22.1,0.42,,0.41,
66136,Perpignan,06600226933,2026-04-07T09:06:00Z,Eau d'alimentation conforme aux exigences de qualité en vigueur pour l'ensemble des paramètres mesurés.,1,7.8,339.0,0.26,34.7,16.0,0.62,,0.28,
66136,Perpignan,06600226849,2026-04-03T10:30:00Z,Eau d'alimentation conforme aux exigences de qualité en vigueur pour l'ensemble des paramètres mesurés.,1,7.5,817.0,0.0,50.5,30.7,0.26,,0.4,
66136,Perpignan,06600226633,2026-03-16T10:47:00Z,Eau d'alimentation conforme aux exigences de qualité en vigueur pour l'ensemble des paramètres mesurés.,1,7.6,523.0,0.0,32.6,23.1,0.0,,0.22,
66136,Perpignan,06600226634,2026-03-16T10:24:00Z,Eau d'alimentation conforme aux exigences de qualité en vigueur pour l'ensemble des paramètres mesurés.,1,7.7,326.0,0.14,32.1,14.5,0.3,,0.28,
66136,Perpignan,06600226637,2026-03-16T10:00:00Z,Eau d'alimentation conforme aux exigences de qualité en vigueur pour l'ensemble des paramètres mesurés.,1,7.7,321.0,0.0,32.2,14.4,0.31,,0.2,
66136,Perpignan,06600226561,2026-03-11T09:46:00Z,Eau d'alimentation non conforme aux exigences de qualité en vigueur. E au incrustante.,0,7.5,481.0,0.18,0.0,20.9,0.0,,0.36,
25056,Besançon,02500153721,2026-04-29T13:03:00Z,Eau d'alimentation conforme aux exigences de qualité en vigueur pour l'ensemble des paramètres mesurés.,1,8.0,434.0,0.33,5.3,22.7,1.17,,0.06,
25056,Besançon,02500153719,2026-04-29T09:40:00Z,Eau d'alimentation conforme aux exigences de qualité en vigueur pour l'ensemble des paramètres mesurés.,1,7.6,530.0,0.0,6.5,30.2,0.87,,0.45,
25056,Besançon,02500153720,2026-04-29T09:19:00Z,Eau d'alimentation conforme aux exigences de qualité en vigueur pour l'ensemble des paramètres mesurés.,1,8.0,431.0,0.25,5.3,22.7,1.17,,0.23,
25056,Besançon,02500153591,2026-04-13T14:25:00Z,Eau d'alimentation conforme aux exigences de qualité en vigueur pour l 'ensemble des paramètres mesurés.,1,8.1,450.0,0.27,5.3,23.0,1.12,,0.25,
25056,Besançon,02500153586,2026-04-13T13:43:00Z,Eau d'alimentation conforme aux exigences de qualité en vigueur pour l 'ensemble des paramètres mesurés.,1,7.6,506.0,0.0,11.0,26.3,0.42,,0.2,
25056,Besançon,02500153479,2026-04-01T07:55:00Z,Eau d'alimentation conforme aux exigences de qualité en vigueur pour l'ensemble des paramètres mesurés.,1,8.0,466.0,0.21,5.9,26.8,1.06,,0.2,
25056,Besançon,02500153492,2026-03-31T10:41:00Z,Eau d'alimentation conforme aux exigences de qualité en vigueur pour l'ensemble des paramètres mesurés.,1,7.6,476.0,0.0,4.8,27.6,0.66,,0.25,
25056,Besançon,02500153430,2026-03-23T12:56:00Z,Eau d'alimentation conforme aux exigences de qualité en vigueur pour l'ensemble des paramètres mesurés.,1,8.0,467.0,0.22,5.2,26.2,1.08,,0.3,
25056,Besançon,02500153374,2026-03-18T13:25:00Z,Eau d'alimentation conforme aux exigences de qualité en vigueur pour l'ensemble des paramètres mesurés.,1,8.0,478.0,0.0,6.1,24.5,0.98,,0.25,
25056,Besançon,02500153367,2026-03-18T08:55:00Z,Eau d'alimentation conforme aux exigences de qualité en vigueur pour l'ensemble des paramètres mesurés.,1,7.5,508.0,0.41,11.0,26.7,0.38,,0.4,
25056,Besançon,02500153368,2026-03-18T08:10:00Z,Eau d'alimentation conforme aux exigences de qualité en vigueur pour l'ensemble des paramètres mesurés.,1,7.9,493.0,0.0,8.8,26.1,0.63,,0.2,
25056,Besançon,02500153338,2026-03-09T08:26:00Z,Eau d'alimentation conforme aux exigences de qualité en vigueur pour l'ensemble des paramètres mesurés.,1,8.0,469.0,0.26,5.0,25.0,0.87,,0.3,
57463,Metz,05700183023,2026-04-28T10:08:00Z,Eau d'alimentation conforme aux exigences de qualité en vigueur pour l'ensemble des paramètres mesurés.,1,7.8,570.0,0.0,41.0,27.8,1.1,17.2,0.77,
57463,Metz,05700183024,2026-04-28T09:44:00Z,Eau d'alimentation conforme aux exigences de qualité en vigueur pour l'ensemble des paramètres mesurés.,1,7.8,570.0,0.0,42.0,28.5,1.1,,0.41,
57463,Metz,05700182852,2026-04-23T14:48:00Z,Eau d'alimentation conforme aux exigences de qualité en vigueur pour l'ensemble des paramètres mesurés.,1,7.7,570.0,0.5,41.0,27.7,1.1,,0.43,
57463,Metz,05700182651,2026-04-08T10:02:00Z,Eau d'alimentation conforme aux exigences de qualité en vigueur pour l'ensemble des paramètres mesurés.,1,7.8,560.0,0.1,43.0,29.0,1.3,,0.4,
57463,Metz,05700182678,2026-04-08T09:21:00Z,Eau d'alimentation conforme aux exigences de qualité en vigueur pour l'ensemble des paramètres mesurés.,1,7.9,570.0,0.0,43.0,29.1,1.3,3.96,0.64,
57463,Metz,05700181996,2026-02-23T12:51:00Z,Eau d'alimentation conforme aux exigences de qualité en vigueur pour l'ensemble des paramètres mesurés.,1,7.5,510.0,0.1,61.0,24.7,1.5,,0.5,
57463,Metz,05700181891,2026-02-18T11:40:00Z,Eau d'alimentation conforme aux exigences de qualité en vigueur pour l'ensemble des paramètres mesurés.,1,7.6,510.0,0.2,67.0,24.8,1.2,,0.34,
57463,Metz,05700181522,2026-02-04T12:39:00Z,Eau d'alimentation conforme aux limites de qualité et non conforme aux références de qualité.,0,7.6,560.0,0.1,54.0,28.6,2.1,,0.52,
57463,Metz,05700181531,2026-02-04T12:38:00Z,Eau d'alimentation conforme aux limites de qualité et non conforme aux références de qualité.,0,7.6,580.0,0.1,50.0,29.2,2.1,34.6,0.74,
57463,Metz,05700181299,2026-01-23T11:48:00Z,Eau d'alimentation conforme aux exigences de qualité en vigueur pour l'ensemble des paramètres mesurés.,1,6.6,610.0,0.1,53.0,29.7,1.3,,0.0,
57463,Metz,05700181298,2026-01-23T10:27:00Z,Eau d'alimentation conforme aux exigences de qualité en vigueur pour l'ensemble des paramètres mesurés.,1,7.4,520.0,0.6,63.0,24.8,1.2,,0.05,
57463,Metz,05700181296,2026-01-23T10:00:00Z,Eau d'alimentation conforme aux exigences de qualité en vigueur pour l'ensemble des paramètres mesurés.,1,7.6,590.0,0.5,57.0,28.5,1.2,,0.31,
45234,Orléans,04500169784,2026-04-10T12:36:00Z,Eau d'alimentation conforme aux exigences de qualité en vigueur pour l'ensemble des paramètres mesurés.,1,7.6,402.0,0.14,8.2,18.69,0.73,,0.49,
45234,Orléans,04500169782,2026-04-10T09:50:00Z,Eau d'alimentation conforme aux exigences de qualité en vigueur pour l'ensemble des paramètres mesurés.,1,7.7,429.0,0.15,8.2,18.05,0.78,,0.31,
45234,Orléans,04500169783,2026-04-10T09:21:00Z,Eau d'alimentation conforme aux exigences de qualité en vigueur pour l'ensemble des paramètres mesurés.,1,7.7,426.0,0.18,8.3,18.27,0.83,,0.31,
45234,Orléans,04500169727,2026-04-02T09:21:00Z,Eau d'alimentation conforme aux exigences de qualité en vigueur pour l'ensemble des paramètres mesurés.,1,7.7,505.0,0.22,18.5,22.1,0.96,,0.31,
45234,Orléans,04500169601,2026-03-27T14:23:00Z,"Eau d'alimentation conforme aux exigences de qualité en vigueur pour l'ensemble des paramètres mesurés. Les teneurs en plomb, cuivre et nickel ne valent que pour le point d'utilisation où elles ont été respectivement mesurées. Compte tenu de l'influence du réseau de distribution d'eau (réseau intérieur et éventuellement branchement public) sur la dissolution des métaux, ces valeurs ne sont pas représentatives de la qualité de l'eau pour l'ensemble des consommateurs du réseau de distribution (circulaire DGS/SD7A n°45 du 5 février 2004).",1,7.8,506.0,0.12,13.1,21.39,0.49,,0.37,
45234,Orléans,04500169600,2026-03-27T12:20:00Z,Eau d'alimentation conforme aux exigences de qualité en vigueur pour l'ensemble des paramètres mesurés.,1,7.7,392.0,0.0,7.5,18.35,0.21,,0.49,
45234,Orléans,04500169599,2026-03-27T11:40:00Z,Eau d'alimentation conforme aux exigences de qualité en vigueur pour l'ensemble des paramètres mesurés.,1,7.7,380.0,0.11,8.1,17.79,0.78,49.3,0.55,
45234,Orléans,04500169637,2026-03-26T09:52:00Z,Eau produite conforme aux exigences de qualité en vigueur pour l'ensemble des paramètres mesurés après traitement.,1,7.52,509.0,0.13,0.0,24.96,0.65,2.1,0.42,
45234,Orléans,04500169623,2026-03-24T09:54:00Z,Eau produite conforme aux exigences de qualité en vigueur pour l'ensemble des paramètres mesurés après traitement.,1,7.8,397.0,0.22,7.7,16.8,0.6,26.3,0.51,
45234,Orléans,04500169624,2026-03-24T09:24:00Z,Eau produite conforme aux exigences de qualité en vigueur pour l'ensemble des paramètres mesurés après traitement.,1,7.7,378.0,0.0,7.7,17.28,0.6,2.3,0.59,
45234,Orléans,04500169561,2026-03-13T10:51:00Z,Eau d'alimentation conforme aux exigences de qualité en vigueur pour l'ensemble des paramètres mesurés.,1,7.6,521.0,0.12,12.2,24.06,0.61,,0.28,
45234,Orléans,04500169381,2026-03-05T11:11:00Z,Eau d'alimentation conforme aux exigences de qualité en vigueur pour l'ensemble des paramètres mesurés.,1,7.6,371.0,0.0,7.2,17.05,0.96,,0.47,
76540,Rouen,07600306789,2026-04-27T11:20:00Z,Eau d'alimentation conforme aux exigences de qualité en vigueur pour l'ensemble des paramètres mesurés.,1,7.2,616.0,1.23,10.6,29.5,0.35,,0.44,
76540,Rouen,07600306788,2026-04-27T10:28:00Z,"Turbidité non conforme aux exigences de qualité sur le prélèvement réalisé, une deuxième analyse de contrôle a été effectuée.",0,7.7,603.0,3.52,10.4,29.1,0.0,,0.42,
76540,Rouen,07600306722,2026-04-22T09:05:00Z,Eau d'alimentation conforme aux exigences de qualité en vigueur pour l'ensemble des paramètres mesurés.,1,7.9,600.0,0.0,10.8,26.3,0.0,,0.39,
76540,Rouen,07600306723,2026-04-22T08:25:00Z,Eau d'alimentation conforme aux exigences de qualité en vigueur pour l'ensemble des paramètres mesurés.,1,7.3,618.0,0.0,10.4,27.6,0.0,,0.36,
76540,Rouen,07600306383,2026-04-02T12:10:00Z,Eau d'alimentation conforme aux exigences de qualité en vigueur pour l'ensemble des paramètres mesurés.,1,7.2,632.0,0.0,9.1,28.6,0.35,,0.43,
76540,Rouen,07600306758,2026-04-02T10:10:00Z,Eau d'alimentation conforme aux exigences de qualité en vigueur pour l'ensemble des paramètres mesurés.,1,7.6,606.0,0.0,0.0,28.5,0.25,0.0,0.36,
76540,Rouen,07600306164,2026-03-19T10:25:00Z,Eau d'alimentation conforme aux exigences de qualité en vigueur pour l'ensemble des paramètres mesurés.,1,7.2,600.0,0.0,13.9,26.8,0.35,,0.34,
76540,Rouen,07600306163,2026-03-18T13:40:00Z,Eau d'alimentation conforme aux exigences de qualité en vigueur pour l'ensemble des paramètres mesurés.,1,7.2,625.0,0.0,7.34,27.8,0.4,,0.27,
76540,Rouen,07600306162,2026-03-18T13:20:00Z,Eau d'alimentation conforme aux exigences de qualité en vigueur pour l'ensemble des paramètres mesurés.,1,7.5,596.0,0.0,10.2,26.6,0.3,,0.34,
76540,Rouen,07600305926,2026-03-03T12:50:00Z,Eau d'alimentation conforme aux exigences de qualité en vigueur pour l'ensemble des paramètres mesurés.,1,7.5,602.0,0.11,10.8,31.7,0.0,,0.41,
76540,Rouen,07600305918,2026-03-03T10:20:00Z,Eau d'alimentation conforme aux exigences de qualité en vigueur pour l'ensemble des paramètres mesurés.,1,7.2,623.0,0.11,10.9,28.8,0.35,,0.33,
76540,Rouen,07600305803,2026-02-26T08:15:00Z,Eau d'alimentation conforme aux exigences de qualité en vigueur pour l'ensemble des paramètres mesurés.,1,7.8,583.0,0.0,10.7,24.1,0.3,,0.39,
68224,Mulhouse,06800186520,2026-04-30T11:24:00Z,"Eau d'alimentation conforme aux exigences de qualité en vigueur pour l'ensemble des paramètres mesurés. Eau douce, éloignée de l'équilibre calco-carbonique, susceptible, dans certaines conditions défavorables (notamment stagnation de l'eau) de dissoudre certains métaux des canalisations. Il est conseillé de ne consommer l'eau du robinet qu'après un écoulement de 15 à 30 secondes. L'absence de canalisation en plomb dans les parties privatives des réseaux doit être vérifiée.",1,6.7,250.0,0.0,11.0,10.0,0.5,,0.0,
68224,Mulhouse,06800186519,2026-04-30T11:00:00Z,"Eau d'alimentation conforme aux exigences de qualité en vigueur pour l'ensemble des paramètres mesurés. Eau douce, éloignée de l'équilibre calco-carbonique, susceptible, dans certaines conditions défavorables (notamment stagnation de l'eau) de dissoudre certains métaux des canalisations. Il est conseillé de ne consommer l'eau du robinet qu'après un écoulement de 15 à 30 secondes. L'absence de canalisation en plomb dans les parties privatives des réseaux doit être vérifiée.",1,6.7,250.0,0.1,11.0,10.7,0.6,,0.0,
68224,Mulhouse,06800186165,2026-04-16T10:06:00Z,"Eau d'alimentation conforme aux exigences de qualité en vigueur pour l'ensemble des paramètres mesurés. Eau douce, éloignée de l'équilibre calco-carbonique, susceptible, dans certaines conditions défavorables (notamment stagnation de l'eau) de dissoudre certains métaux des canalisations. Il est conseillé de ne consommer l'eau du robinet qu'après un écoulement de 15 à 30 secondes. L'absence de canalisation en plomb dans les parties privatives des réseaux doit être vérifiée.",1,6.7,260.0,0.0,13.0,10.2,0.8,,0.0,
68224,Mulhouse,06800186052,2026-04-09T08:52:00Z,"Eau d'alimentation conforme aux exigences de qualité en vigueur pour l'ensemble des paramètres mesurés. Eau douce, éloignée de l'équilibre calco-carbonique, susceptible, dans certaines conditions défavorables (notamment stagnation de l'eau) de dissoudre certains métaux des canalisations. Il est conseillé de ne consommer l'eau du robinet qu'après un écoulement de 15 à 30 secondes. L'absence de canalisation en plomb dans les parties privatives des réseaux doit être vérifiée.",1,6.6,240.0,0.0,11.0,9.8,0.6,,0.0,
68224,Mulhouse,06800186134,2026-04-09T08:26:00Z,"Eau d'alimentation conforme aux exigences de qualité en vigueur pour l'ensemble des paramètres mesurés. Eau douce, éloignée de l'équilibre calco-carbonique, susceptible, dans certaines conditions défavorables (notamment stagnation de l'eau) de dissoudre certains métaux des canalisations.",1,6.6,250.0,0.0,11.0,9.7,0.6,,0.0,
68224,Mulhouse,06800185983,2026-04-02T08:06:00Z,"Eau d'alimentation conforme aux exigences de qualité en vigueur pour l'ensemble des paramètres mesurés. Eau douce, éloignée de l'équilibre calco-carbonique, susceptible, dans certaines conditions défavorables (notamment stagnation de l'eau) de dissoudre certains métaux des canalisations. Il est conseillé de ne consommer l'eau du robinet qu'après un écoulement de 15 à 30 secondes. L'absence de canalisation en plomb dans les parties privatives des réseaux doit être vérifiée.",1,6.9,250.0,0.1,11.0,10.5,0.8,,0.0,
68224,Mulhouse,06800185881,2026-03-26T10:44:00Z,"Eau d'alimentation conforme aux exigences de qualité en vigueur pour l'ensemble des paramètres mesurés. Eau douce, éloignée de l'équilibre calco-carbonique, susceptible, dans certaines conditions défavorables (notamment stagnation de l'eau) de dissoudre certains métaux des canalisations. Il est conseillé de ne consommer l'eau du robinet qu'après un écoulement de 15 à 30 secondes. L'absence de canalisation en plomb dans les parties privatives des réseaux doit être vérifiée.",1,6.6,240.0,0.0,11.0,10.0,0.7,,0.0,
68224,Mulhouse,06800185959,2026-03-26T10:16:00Z,"Eau d'alimentation conforme aux limites de qualité et non conforme aux références de qualité. Eau douce, éloignée de l'équilibre calco-carbonique, susceptible, dans certaines conditions défavorables (notamment stagnation de l'eau) de dissoudre certains métaux des canalisations. Il est conseillé de ne consommer l'eau du robinet qu'après un écoulement de 15 à 30 secondes. L'absence de canalisation en plomb dans les parties privatives des réseaux doit être vérifiée. Teneur en ammonium supérieure à la référence de qualité de 0,1 mg/l. L'ammonium est une forme ionisée de l'azote ammoniacal. Même s'il n'est pas directement nocif, l'azote ammoniacal peut engendrer divers inconvénients : diminution de l'efficacité de la désinfection, corrosion des conduites,développement de micro-organismes responsables de saveurs et odeurs désagréables. Une analyse de recontrôle est en commandée.",0,6.6,250.0,0.0,11.0,10.7,0.8,,0.0,
68224,Mulhouse,06800185803,2026-03-19T10:49:00Z,"Eau d'alimentation conforme aux exigences de qualité en vigueur pour l'ensemble des paramètres mesurés. Eau douce, éloignée de l'équilibre calco-carbonique, susceptible, dans certaines conditions défavorables (notamment stagnation de l'eau) de dissoudre certains métaux des canalisations. Il est conseillé de ne consommer l'eau du robinet qu'après un écoulement de 15 à 30 secondes. L'absence de canalisation en plomb dans les parties privatives des réseaux doit être vérifiée.",1,6.7,240.0,0.0,11.0,10.1,0.4,,0.0,
68224,Mulhouse,06800185804,2026-03-19T10:24:00Z,"Eau d'alimentation conforme aux exigences de qualité en vigueur pour l'ensemble des paramètres mesurés. Eau douce, éloignée de l'équilibre calco-carbonique, susceptible, dans certaines conditions défavorables (notamment stagnation de l'eau) de dissoudre certains métaux des canalisations. Il est conseillé de ne consommer l'eau du robinet qu'après un écoulement de 15 à 30 secondes. L'absence de canalisation en plomb dans les parties privatives des réseaux doit être vérifiée.",1,6.6,250.0,0.0,11.0,9.9,0.4,,0.0,
68224,Mulhouse,06800185744,2026-03-16T16:32:00Z,"Eau d'alimentation conforme aux exigences de qualité en vigueur pour l'ensemble des paramètres mesurés. Eau douce, éloignée de l'équilibre calco-carbonique, susceptible, dans certaines conditions défavorables (notamment stagnation de l'eau) de dissoudre certains métaux des canalisations. Il est conseillé de ne consommer l'eau du robinet qu'après un écoulement de 15 à 30 secondes. L'absence de canalisation en plomb dans les parties privatives des réseaux doit être vérifiée.",1,6.8,270.0,0.0,,,,,0.0,
68224,Mulhouse,06800185745,2026-03-16T16:12:00Z,"Eau d'alimentation conforme aux exigences de qualité en vigueur pour l'ensemble des paramètres mesurés. Eau douce, éloignée de l'équilibre calco-carbonique, susceptible, dans certaines conditions défavorables (notamment stagnation de l'eau) de dissoudre certains métaux des canalisations. Il est conseillé de ne consommer l'eau du robinet qu'après un écoulement de 15 à 30 secondes. L'absence de canalisation en plomb dans les parties privatives des réseaux doit être vérifiée.",1,6.7,240.0,0.0,,,,,0.0,
14118,Caen,01400250305,2026-04-13T15:30:00Z,Eau d'alimentation conforme aux exigences de qualité en vigueur pour l'ensemble des paramètres mesurés.,1,7.1,803.0,0.19,54.3,36.2,0.65,,0.27,
14118,Caen,01400250302,2026-04-13T14:20:00Z,Eau d'alimentation conforme aux exigences de qualité en vigueur pour l'ensemble des paramètres mesurés.,1,7.1,799.0,0.1,58.7,35.8,0.7,,0.27,
14118,Caen,01400250304,2026-04-13T13:50:00Z,Eau d'alimentation conforme aux exigences de qualité en vigueur pour l'ensemble des paramètres mesurés.,1,7.2,807.0,0.23,44.4,38.0,0.65,,0.22,
14118,Caen,01400250392,2026-04-13T13:41:00Z,Eau d'alimentation conforme aux exigences de qualité en vigueur pour l'ensemble des paramètres mesurés.,1,7.1,806.0,0.19,55.8,36.0,0.65,,0.38,
14118,Caen,01400250299,2026-04-13T13:40:00Z,Eau d'alimentation conforme aux exigences de qualité en vigueur pour l'ensemble des paramètres mesurés.,1,7.1,806.0,0.19,55.8,36.0,0.65,,0.38,
14118,Caen,01400250536,2026-04-13T13:10:00Z,"Les teneurs en chloridazone desphényl, chloridazone méthyl desphényl et chlorothalonil R417888 (produit de dégradation de pesticides) restent inférieures aux valeurs limites fixées dans l'arrêté préfectoral de dérogation à la limite de qualité. Un programme d'améli oration de la qualité des eaux porté par la collectivité est en cours, avec un suivi régulier des teneurs. A noter toutefois que la valeur indicative définie pour le chlorothalonil R471811 n'est pas satisfaite.Un suivi renforcé est mis en place pour suivre l'évolution de ce paramètre. L'eau peut être consommée sans restriction d'usage.",0,7.1,806.0,0.1,42.1,35.5,,15.6,0.38,
14118,Caen,01400250301,2026-04-13T09:50:00Z,Eau d'alimentation conforme aux exigences de qualité en vigueur pour l'ensemble des paramètres mesurés.,1,7.5,574.0,0.22,21.3,22.7,0.85,,0.31,
14118,Caen,01400250300,2026-04-13T09:30:00Z,Eau d'alimentation conforme aux exigences de qualité en vigueur pour l'ensemble des paramètres mesurés.,1,7.3,801.0,0.17,59.3,34.0,0.65,0.0,0.54,
14118,Caen,01400249947,2026-03-17T11:55:00Z,Eau d'alimentation conforme aux exigences de qualité en vigueur pour l'ensemble des paramètres mesurés.,1,7.4,561.0,0.41,19.3,21.9,0.75,,0.27,
14118,Caen,01400249862,2026-03-13T10:50:00Z,"Eau d'alimentation conforme aux exigences de qualité en vigueur pour l'ensemble des paramètres mesurés. A noter, la chloration est excessiv e.",1,7.1,820.0,0.55,38.4,36.8,0.75,,0.49,
14118,Caen,01400249863,2026-03-13T10:15:00Z,Eau d'alimentation conforme aux exigences de qualité en vigueur pour l'ensemble des paramètres mesurés.,1,7.3,576.0,0.12,19.8,21.5,0.8,,0.44,
14118,Caen,01400249864,2026-03-13T09:45:00Z,Eau d'alimentation conforme aux exigences de qualité en vigueur pour l'ensemble des paramètres mesurés.,1,7.4,578.0,0.12,19.7,24.0,0.8,,0.46,
54395,Nancy,05400177533,2026-04-17T13:56:00Z,Eau d'alimentation conforme aux exigences de qualité en vigueur pour l'ensemble des paramètres mesurés.,1,7.6,320.0,0.0,65.0,14.2,1.3,,0.25,
54395,Nancy,05400177534,2026-04-17T13:46:00Z,Eau d'alimentation conforme aux exigences de qualité en vigueur pour l'ensemble des paramètres mesurés.,1,7.8,310.0,0.3,64.0,14.1,1.3,,0.18,
54395,Nancy,05400177369,2026-04-10T09:47:00Z,Eau d'alimentation conforme aux exigences de qualité en vigueur pour l'ensemble des paramètres mesurés.,1,8.4,330.0,0.0,64.0,13.9,1.5,,0.23,
54395,Nancy,05400177370,2026-04-10T09:28:00Z,Eau d'alimentation conforme aux exigences de qualité en vigueur pour l'ensemble des paramètres mesurés.,1,8.4,330.0,0.0,64.0,13.7,1.4,,0.22,
54395,Nancy,05400177264,2026-04-03T10:27:00Z,Eau d'alimentation conforme aux exigences de qualité en vigueur pour l'ensemble des paramètres mesurés.,1,8.3,330.0,0.0,62.0,14.3,1.5,,0.16,
54395,Nancy,05400177263,2026-04-03T10:15:00Z,Eau d'alimentation conforme aux exigences de qualité en vigueur pour l'ensemble des paramètres mesurés.,1,8.2,340.0,0.0,62.0,14.3,1.4,,0.18,
54395,Nancy,05400177262,2026-04-03T09:35:00Z,Eau d'alimentation conforme aux exigences de qualité en vigueur pour l'ensemble des paramètres mesurés.,1,8.3,330.0,0.0,60.0,13.6,1.1,,0.13,
54395,Nancy,05400177261,2026-04-03T09:19:00Z,Eau d'alimentation conforme aux exigences de qualité en vigueur pour l'ensemble des paramètres mesurés.,1,8.3,320.0,0.0,59.0,13.7,1.1,,0.12,
54395,Nancy,05400177164,2026-03-30T11:51:00Z,Eau d'alimentation conforme aux exigences de qualité en vigueur pour l'ensemble des paramètres mesurés.,1,8.0,330.0,0.1,58.0,13.4,1.4,,0.33,
54395,Nancy,05400177361,2026-03-30T11:26:00Z,"Eau d'alimentation respectant les exigences de qualité réglementaires pour les paramètres analysés. Toutefois la teneur en désinfectant (chlore libre) est élevée (> 0,3 mg/l).",0,8.0,320.0,0.0,58.0,13.4,1.4,,0.36,
54395,Nancy,05400177059,2026-03-23T11:30:00Z,"Eau d'alimentation respectant les exigences de qualité réglementaires pour les paramètres analysés. Toutefois la teneur en désinfectant (chlore libre) est élevée (> 0,3 mg/l).",0,8.3,330.0,0.1,60.0,14.0,1.4,,0.56,
54395,Nancy,05400177058,2026-03-23T11:16:00Z,"Eau d'alimentation respectant les exigences de qualité réglementaires pour les paramètres analysés. Toutefois la teneur en désinfectant (chlore libre) est élevée (> 0,3 mg/l).",0,8.3,330.0,0.0,59.0,13.9,1.9,,0.55,
86194,Poitiers,08600139112,2026-04-28T12:12:00Z,Eau d'alimentation conforme aux exigences de qualité en vigueur pour l'ensemble des paramètres mesurés.,1,7.6,646.0,0.0,16.0,31.0,0.0,,0.4,
86194,Poitiers,08600139063,2026-04-21T14:49:00Z,Eau d'alimentation conforme aux exigences de qualité en vigueur pour l'ensemble des paramètres mesurés.,1,,,0.0,18.0,33.0,0.0,,,
86194,Poitiers,08600139081,2026-04-21T14:32:00Z,Eau d'alimentation conforme aux exigences de qualité en vigueur pour l'ensemble des paramètres mesurés.,1,7.1,646.0,0.0,14.0,31.0,0.0,,0.4,
86194,Poitiers,08600139057,2026-04-21T10:34:00Z,Eau d'alimentation conforme aux exigences de qualité en vigueur pour l'ensemble des paramètres mesurés.,1,7.4,581.0,0.0,16.0,26.0,0.0,,0.3,
86194,Poitiers,08600138965,2026-04-15T13:35:00Z,Eau d'alimentation conforme aux exigences de qualité en vigueur pour l'ensemble des paramètres mesurés.,1,7.7,576.0,0.0,16.0,26.0,0.0,,0.5,
86194,Poitiers,08600138677,2026-03-19T14:35:00Z,Eau d'alimentation conforme aux limites de qualité.		 La référence de qualité fixée pour la turbidité n'est		 pas satisfaite.	 Un recontrole est programmé. les autres paramètres sont conformes. 	,1,7.5,630.0,7.0,16.0,30.0,0.4,,0.4,
86194,Poitiers,08600138576,2026-03-09T12:45:00Z,Eau d'alimentation conforme aux exigences de qualité en vigueur pour l'ensemble des paramètres mesurés.,1,7.6,638.0,0.0,16.0,32.0,0.5,,0.4,
86194,Poitiers,08600138579,2026-03-09T10:51:00Z,Eau d'alimentation conforme aux exigences de qualité en vigueur pour l'ensemble des paramètres mesurés.,1,7.7,558.0,0.0,14.0,26.0,0.5,,0.25,
86194,Poitiers,08600138551,2026-03-09T10:12:00Z,Eau d'alimentation conforme aux exigences de qualité en vigueur pour l'ensemble des paramètres mesurés.,1,7.4,622.0,0.0,16.0,30.0,0.4,,0.4,
86194,Poitiers,08600138517,2026-02-26T09:40:00Z,Eau d'alimentation conforme aux exigences de qualité en vigueur pour l'ensemble des paramètres mesurés.,1,7.5,513.0,0.0,14.0,23.0,0.6,,0.3,
86194,Poitiers,08600138298,2026-02-09T10:26:00Z,Eau d'alimentation conforme aux limites de qualité et non conforme aux références de qualité.,0,7.6,505.0,2.7,15.0,23.0,1.0,,0.4,
86194,Poitiers,08600138297,2026-02-09T09:17:00Z,Eau d'alimentation conforme aux exigences de qualité en vigueur pour l'ensemble des paramètres mesurés.,1,7.5,565.0,0.0,15.0,26.0,0.8,,0.4,
64445,Pau,06400222559,2026-04-29T13:10:00Z,Eau d'alimentation conforme aux exigences de qualité en vigueur pour l'ensemble des paramètres mesurés.,1,8.0,237.0,0.0,5.5,11.9,0.433,,0.27,
64445,Pau,06400222468,2026-04-17T11:30:00Z,Eau d'alimentation conforme aux exigences de qualité en vigueur pour l'ensemble des paramètres mesurés.,1,8.0,275.0,0.0,6.4,13.5,0.46,,0.29,
64445,Pau,06400222396,2026-04-14T12:50:00Z,Eau d'alimentation conforme aux exigences de qualité en vigueur pour l'ensemble des paramètres mesurés.,1,7.2,406.0,0.0,9.8,21.6,0.429,,0.25,
64445,Pau,06400222376,2026-04-07T10:20:00Z,Eau d'alimentation conforme aux exigences de qualité en vigueur pour l'ensemble des paramètres mesurés.,1,7.9,290.0,0.0,8.1,15.0,0.49,,0.3,
64445,Pau,06400222294,2026-04-01T12:30:00Z,Eau d'alimentation conforme aux exigences de qualité en vigueur pour l'ensemble des paramètres mesurés.,1,7.7,267.0,0.0,7.8,13.5,0.315,,0.28,
64445,Pau,06400222196,2026-03-19T10:20:00Z,Eau d'alimentation conforme aux exigences de qualité en vigueur pour l'ensemble des paramètres mesurés.,1,7.7,308.0,0.0,0.0,15.2,0.417,,0.28,
64445,Pau,06400222047,2026-03-04T11:35:00Z,Eau d'alimentation conforme aux exigences de qualité en vigueur pour l'ensemble des paramètres mesurés.,1,8.1,310.0,0.0,8.1,15.9,0.443,,0.33,
64445,Pau,06400222158,2026-02-26T12:55:00Z,Eau d'alimentation conforme aux exigences de qualité en vigueur pour l'ensemble des paramètres mesurés.,1,7.7,346.0,0.0,7.8,17.3,0.495,,0.25,
64445,Pau,06400221940,2026-02-23T10:24:00Z,Eau d'alimentation conforme aux exigences de qualité en vigueur pour l'ensemble des paramètres mesurés.,1,7.8,379.0,0.0,6.9,17.0,0.639,,0.31,
64445,Pau,06400221825,2026-02-10T09:45:00Z,Eau d'alimentation conforme aux exigences de qualité en vigueur pour l'ensemble des paramètres mesurés.,1,7.7,285.0,0.0,8.0,13.5,0.764,,0.32,
64445,Pau,06400221754,2026-02-04T13:55:00Z,Eau d'alimentation conforme aux exigences de qualité en vigueur pour l'ensemble des paramètres mesurés.,1,7.9,309.0,0.0,7.8,16.7,0.927,,0.27,
64445,Pau,06400221710,2026-02-02T13:15:00Z,Eau d'alimentation conforme aux exigences de qualité en vigueur pour l'ensemble des paramètres mesurés.,1,7.9,302.0,0.0,7.7,14.6,0.516,,0.37,
68066,Colmar,06800186295,2026-04-21T14:28:00Z,Eau d'alimentation conforme aux exigences de qualité en vigueur pour l'ensemble des paramètres mesurés.,1,7.4,710.0,0.0,32.0,31.2,0.5,,0.0,
68066,Colmar,06800186016,2026-04-07T14:10:00Z,Eau d'alimentation conforme aux exigences de qualité en vigueur pour l'ensemble des paramètres mesurés.,1,7.3,740.0,0.0,31.0,30.2,0.0,,0.0,
68066,Colmar,06800185922,2026-03-31T10:22:00Z,Eau d'alimentation conforme aux exigences de qualité en vigueur pour l'ensemble des paramètres mesurés.,1,7.3,690.0,0.0,32.0,29.7,0.0,,0.0,
68066,Colmar,06800185761,2026-03-17T08:31:00Z,Eau d'alimentation conforme aux exigences de qualité en vigueur pour l'ensemble des paramètres mesurés.,1,7.5,670.0,0.0,31.0,30.7,0.0,,0.0,
68066,Colmar,06800185650,2026-03-10T09:22:00Z,Eau d'alimentation conforme aux exigences de qualité en vigueur pour l'ensemble des paramètres mesurés.,1,7.5,680.0,0.1,32.0,29.5,0.0,,0.0,
68066,Colmar,06800185651,2026-03-10T08:31:00Z,Eau d'alimentation conforme aux exigences de qualité en vigueur pour l'ensemble des paramètres mesurés.,1,7.4,670.0,0.0,32.0,29.4,0.5,,0.0,
68066,Colmar,06800185389,2026-02-24T10:52:00Z,Eau d'alimentation conforme aux exigences de qualité en vigueur pour l'ensemble des paramètres mesurés.,1,7.4,730.0,0.2,,,,,0.0,
68066,Colmar,06800185347,2026-02-17T11:42:00Z,"Eau d'alimentation conforme aux limites de qualité et non conforme aux références de qualité. Eau d'alimentation ne satisfaisant pas à la référence de qualité microbiologique en vigueur en raison de la présence de germes de type coliformes. Toutefois, la présence seule et en faible nombre de coliformes totaux, en l'absence de tout autre germe d'origine fécale, ne présente pas de risque sanitaire pour le consommateur. Il appartient au distributeur d'effectuer un entretien régulier du réseau d'adduction d'eau (désinfection par chloration au niveau du réservoir, purges des canalisations, etc.). De nouvelles analyses de contrôle sont commandées afin de vérifier le retour à une situation normale.",0,7.4,710.0,0.2,31.0,29.5,0.9,,0.0,
68066,Colmar,06800185076,2026-02-03T13:50:00Z,Eau d'alimentation conforme aux exigences de qualité en vigueur pour l'ensemble des paramètres mesurés.,1,7.5,680.0,0.0,32.0,29.4,0.7,,0.0,
68066,Colmar,06800184779,2026-01-20T09:38:00Z,Eau d'alimentation conforme aux exigences de qualité en vigueur pour l'ensemble des paramètres mesurés.,1,7.4,660.0,0.0,32.0,31.4,0.6,,0.0,
68066,Colmar,06800184662,2026-01-06T14:17:00Z,Eau d'alimentation conforme aux exigences de qualité en vigueur pour l'ensemble des paramètres mesurés.,1,7.4,690.0,0.1,35.0,30.0,0.5,,0.0,
68066,Colmar,06800184570,2025-12-30T10:18:00Z,Eau d'alimentation conforme aux exigences de qualité en vigueur pour l'ensemble des paramètres mesurés.,1,7.4,690.0,0.0,,,,,0.0,
29232,Quimper,02900267706,2026-04-30T11:05:00Z,Eau d'alimentation conforme aux exigences de qualité en vigueur pour l'ensemble des paramètres mesurés.,1,8.2,287.0,0.12,11.0,8.9,0.46,,0.41,
29232,Quimper,02900267683,2026-04-22T11:27:00Z,Eau d'alimentation conforme aux exigences de qualité en vigueur pour l'ensemble des paramètres mesurés.,1,8.3,345.0,0.16,10.0,13.0,0.7,48.73,0.53,
29232,Quimper,02900267502,2026-04-20T12:22:00Z,Eau d'alimentation conforme aux exigences de qualité en vigueur pour l'ensemble des paramètres mesurés.,1,8.0,343.0,0.17,33.0,13.0,0.6,23.35,0.56,
29232,Quimper,02900267347,2026-04-14T08:35:00Z,Eau d'alimentation conforme aux exigences de qualité en vigueur pour l'ensemble des paramètres mesurés.,1,8.2,289.0,0.12,9.3,9.2,0.46,,0.49,
29232,Quimper,02900267202,2026-04-07T08:30:00Z,Eau d'alimentation conforme aux exigences de qualité en vigueur pour l'ensemble des paramètres mesurés.,1,8.2,339.0,0.12,30.0,12.0,0.56,,0.33,
29232,Quimper,02900267051,2026-03-23T08:40:00Z,Eau d'alimentation conforme aux exigences de qualité en vigueur pour l'ensemble des paramètres mesurés.,1,8.1,325.0,0.14,24.0,12.0,0.55,,0.43,
29232,Quimper,02900266884,2026-03-12T09:15:00Z,Eau d'alimentation conforme aux exigences de qualité en vigueur pour l'ensemble des paramètres mesurés.,1,7.9,324.0,0.16,24.0,12.0,0.59,,0.39,
29232,Quimper,02900266817,2026-03-02T09:30:00Z,Eau d'alimentation conforme aux exigences de qualité en vigueur pour l'ensemble des paramètres mesurés.,1,8.2,327.0,0.95,30.0,13.0,0.61,,0.54,
29232,Quimper,02900266818,2026-03-02T08:54:00Z,Eau d'alimentation conforme aux limites de qualité mais ne satisfaisant pas totalement aux références de qualité en raison du caractère agressif de l'eau mise en distribution (indice relatif à l'équilibre calco-carbonique supérieur à 2). Une optimisation du traitement de neutralisation-minéralisation à l'unité de production est nécessaire.,1,8.0,269.0,0.23,8.9,8.8,0.55,,0.51,
29232,Quimper,02900266447,2026-02-12T10:20:00Z,Eau d'alimentation conforme aux exigences de qualité en vigueur pour l'ensemble des paramètres mesurés.,1,8.1,276.0,0.25,8.6,8.8,0.78,,0.49,
29232,Quimper,02900266446,2026-02-12T09:45:00Z,Eau d'alimentation conforme aux exigences de qualité en vigueur pour l'ensemble des paramètres mesurés.,1,8.3,326.0,0.15,33.0,12.0,0.95,,0.41,
29232,Quimper,02900266432,2026-02-11T11:25:00Z,Eau d'alimentation conforme aux exigences de qualité en vigueur pour l'ensemble des paramètres mesurés.,1,8.1,337.0,0.12,9.1,13.0,0.66,,0.49,
56121,Lorient,05600179991,2026-04-23T12:00:00Z,Eau d'alimentation conforme aux exigences de qualité en vigueur pour l'ensemble des paramètres mesurés.,1,8.3,333.0,0.0,9.3,10.7,0.45,,0.36,
56121,Lorient,05600180010,2026-04-14T09:35:00Z,Eau d'alimentation conforme aux exigences de qualité en vigueur pour l'ensemble des paramètres mesurés.,1,8.3,332.0,0.0,10.9,11.7,0.32,,0.58,
56121,Lorient,05600179730,2026-04-03T11:05:00Z,Eau d'alimentation conforme aux exigences de qualité en vigueur pour l'ensemble des paramètres mesurés.,1,8.1,391.0,0.0,11.1,14.0,0.43,,0.34,
56121,Lorient,05600179731,2026-04-03T10:37:00Z,Eau d'alimentation conforme aux exigences de qualité en vigueur pour l'ensemble des paramètres mesurés.,1,8.2,380.0,0.0,11.0,13.4,0.49,,0.12,
56121,Lorient,05600179732,2026-04-03T10:20:00Z,Eau d'alimentation conforme aux exigences de qualité en vigueur pour l'ensemble des paramètres mesurés.,1,8.0,391.0,0.4,11.1,14.0,0.47,,0.36,
56121,Lorient,05600179546,2026-03-17T10:36:00Z,Eau d'alimentation conforme aux exigences de qualité en vigueur pour l'ensemble des paramètres mesurés.,1,8.2,308.0,0.0,9.31,10.5,0.97,,0.37,
56121,Lorient,05600179358,2026-03-02T10:55:00Z,Eau d'alimentation conforme aux exigences de qualité en vigueur pour l'ensemble des paramètres mesurés.,1,8.5,304.0,0.0,8.96,10.5,0.91,,0.3,
56121,Lorient,05600179357,2026-03-02T10:08:00Z,Eau d'alimentation conforme aux exigences de qualité en vigueur pour l'ensemble des paramètres mesurés.,1,8.5,304.0,0.0,9.03,10.5,1.9,,0.39,
56121,Lorient,05600179289,2026-02-19T10:41:00Z,Eau d'alimentation conforme aux exigences de qualité en vigueur pour l'ensemble des paramètres mesurés.,1,8.1,332.0,0.0,8.34,12.3,0.73,,0.17,
56121,Lorient,05600179346,2026-02-19T10:17:00Z,Eau d'alimentation conforme aux exigences de qualité en vigueur pour l'ensemble des paramètres mesurés.,1,8.0,339.0,0.0,8.39,12.5,0.74,4.7,0.23,
56121,Lorient,05600179222,2026-02-05T13:54:00Z,Eau d'alimentation conforme aux exigences de qualité en vigueur pour l'ensemble des paramètres mesurés.,1,8.1,314.0,0.0,8.29,10.7,0.76,,0.46,
56121,Lorient,05600179096,2026-02-05T11:45:00Z,Eau d'alimentation conforme aux exigences de qualité en vigueur pour l'ensemble des paramètres mesurés.,1,8.2,316.0,0.0,8.29,11.1,0.69,,0.43,
73065,Chambéry,07300262687,2026-04-23T14:30:00Z,Eau d'alimentation conforme aux exigences de qualité en vigueur pour l'ensemble des paramètres mesurés.,1,7.6,565.0,0.0,20.8,28.8,0.45,,0.0,
73065,Chambéry,07300262038,2026-04-07T13:51:00Z,Eau d'alimentation conforme aux exigences de qualité en vigueur pour l'ensemble des paramètres mesurés.,1,7.6,593.0,0.0,27.0,28.5,0.4,,0.0,
73065,Chambéry,07300262037,2026-04-07T12:46:00Z,Eau d'alimentation conforme aux exigences de qualité en vigueur pour l'ensemble des paramètres mesurés.,1,7.5,630.0,0.0,23.4,30.7,0.37,,0.0,
73065,Chambéry,07300262039,2026-04-07T12:25:00Z,Eau d'alimentation conforme aux exigences de qualité en vigueur pour l'ensemble des paramètres mesurés.,1,7.6,529.0,0.0,13.6,27.1,0.62,,0.0,
73065,Chambéry,07300262033,2026-04-07T07:58:00Z,Eau d'alimentation conforme aux exigences de qualité en vigueur pour l'ensemble des paramètres mesurés.,1,7.6,566.0,0.0,21.2,27.0,0.42,,0.0,
73065,Chambéry,07300261541,2026-03-12T11:03:00Z,Eau d'alimentation conforme aux exigences de qualité en vigueur pour l'ensemble des paramètres mesurés.,1,7.5,647.0,0.0,24.7,34.1,0.36,,0.0,
73065,Chambéry,07300261544,2026-03-12T10:35:00Z,Eau d'alimentation conforme aux exigences de qualité en vigueur pour l'ensemble des paramètres mesurés.,1,7.6,578.0,0.23,20.3,30.3,0.5,,0.0,
73065,Chambéry,07300261543,2026-03-12T10:15:00Z,Eau d'alimentation conforme aux exigences de qualité en vigueur pour l'ensemble des paramètres mesurés.,1,7.5,627.0,0.0,23.2,32.1,0.35,,0.0,
73065,Chambéry,07300261545,2026-03-12T10:00:00Z,Eau d'alimentation conforme aux exigences de qualité en vigueur pour l'ensemble des paramètres mesurés.,1,7.5,597.0,0.0,26.6,29.8,0.4,,0.0,
73065,Chambéry,07300261376,2026-02-25T11:51:00Z,Eau d'alimentation conforme aux exigences de qualité en vigueur pour l'ensemble des paramètres mesurés.,1,7.5,627.0,0.0,24.7,31.7,0.33,,0.0,
73065,Chambéry,07300261337,2026-02-20T07:48:00Z,Eau d'alimentation conforme aux exigences de qualité en vigueur pour l'ensemble des paramètres mesurés.,1,7.5,610.0,0.41,22.3,32.2,0.44,,0.0,
73065,Chambéry,07300260939,2026-02-05T14:48:00Z,Eau d'alimentation conforme aux exigences de qualité en vigueur pour l'ensemble des paramètres mesurés.,1,7.5,636.0,0.0,23.6,30.0,0.52,,0.0,
26362,Valence,02600179037,2026-04-30T11:34:00Z,Eau d'alimentation conforme aux exigences de qualité en vigueur pour l'ensemble des paramètres mesurés.,1,7.5,551.0,0.15,19.7,27.96,0.0,,0.35,
26362,Valence,02600179040,2026-04-07T10:10:00Z,Eau d'alimentation conforme aux exigences de qualité en vigueur pour l'ensemble des paramètres mesurés.,1,7.6,592.0,0.12,27.5,29.43,0.51,,0.28,
26362,Valence,02600178644,2026-03-19T11:00:00Z,Eau d'alimentation conforme aux exigences de qualité en vigueur pour l'ensemble des paramètres mesurés.,1,7.2,594.0,0.0,39.6,27.24,0.32,,0.34,
26362,Valence,02600178697,2026-03-10T10:16:00Z,Eau d'alimentation conforme aux exigences de qualité en vigueur pour l'ensemble des paramètres mesurés.,1,7.0,558.0,0.0,35.1,27.62,0.28,,0.38,
26362,Valence,02600178645,2026-03-04T11:40:00Z,Eau d'alimentation conforme aux exigences de qualité en vigueur pour l'ensemble des paramètres mesurés.,1,7.2,600.0,0.28,32.7,48.75,0.65,,0.35,
26362,Valence,02600178230,2026-02-24T11:43:00Z,Eau d'alimentation conforme aux exigences de qualité en vigueur pour l'ensemble des paramètres mesurés.,1,7.5,597.0,0.21,21.0,28.38,0.0,,0.36,
26362,Valence,02600178234,2026-02-16T14:22:00Z,Eau d'alimentation conforme aux exigences de qualité en vigueur pour l'ensemble des paramètres mesurés.,1,7.2,600.0,0.14,36.0,28.95,0.45,,0.3,
26362,Valence,02600178216,2026-02-12T09:23:00Z,Eau d'alimentation conforme aux exigences de qualité en vigueur pour l'ensemble des paramètres mesurés.,1,7.4,599.0,0.0,34.0,28.04,0.24,,0.28,
26362,Valence,02600177986,2026-01-22T09:14:00Z,Eau d'alimentation conforme aux exigences de qualité en vigueur pour l'ensemble des paramètres mesurés.,1,7.2,598.0,0.4,37.0,27.56,0.0,,0.36,
26362,Valence,02600177950,2026-01-12T09:17:00Z,Eau d'alimentation conforme aux exigences de qualité en vigueur pour l'ensemble des paramètres mesurés.,1,7.4,592.0,0.12,36.0,28.55,0.0,,0.31,
26362,Valence,02600178049,2026-01-06T13:43:00Z,Eau d'alimentation conforme aux exigences de qualité en vigueur pour l'ensemble des paramètres mesurés.,1,7.4,584.0,0.1,21.0,29.77,0.3,,0.43,
26362,Valence,02600177447,2025-12-29T09:54:00Z,Eau d'alimentation conforme aux exigences de qualité en vigueur pour l'ensemble des paramètres mesurés.,1,7.7,585.0,0.16,,,,,0.36,
64102,Bayonne,06400222427,2026-04-16T14:30:00Z,Eau d'alimentation conforme aux exigences de qualité en vigueur pour l'ensemble des paramètres mesurés.,1,7.9,205.0,0.0,6.7,10.3,0.0,,0.49,
64102,Bayonne,06400222321,2026-04-02T09:30:00Z,Eau d'alimentation conforme aux limites de qualité. Eau peu minéralisée susceptible d'être agressive pour les canalisations.,1,7.2,123.0,0.0,3.4,4.76,0.0,,0.37,
64102,Bayonne,06400222249,2026-03-24T14:10:00Z,Eau d'alimentation conforme aux limites de qualité. Eau peu minéralisée susceptible d'être agressive pour les canalisations.,1,7.4,128.0,0.0,3.2,4.41,0.0,,0.11,
64102,Bayonne,06400222174,2026-03-16T09:30:00Z,Eau d'alimentation conforme aux limites de qualité. Eau peu minéralisée susceptible d'être agressive pour les canalisations.,1,7.2,123.0,0.625,3.5,4.88,0.0,,0.41,
64102,Bayonne,06400222138,2026-03-11T11:00:00Z,Eau d'alimentation conforme aux exigences de qualité en vigueur pour l'ensemble des paramètres mesurés.,1,7.7,206.0,0.0,8.4,9.66,0.363,,0.32,
64102,Bayonne,06400222077,2026-03-05T08:50:00Z,Eau d'alimentation conforme aux exigences de qualité en vigueur pour l'ensemble des paramètres mesurés.,1,7.7,202.0,0.0,5.7,9.36,0.0,,0.18,
64102,Bayonne,06400222004,2026-03-02T08:15:00Z,Eau d'alimentation conforme aux limites de qualité. Eau peu minéralisée susceptible d'être agressive pour les canalisations.,1,6.9,117.0,0.0,3.0,4.36,0.359,,0.29,
64102,Bayonne,06400221941,2026-02-23T09:20:00Z,Eau d'alimentation conforme aux limites de qualité. Eau peu minéralisée susceptible d'être agressive pour les canalisations.,1,6.7,108.0,0.0,2.7,3.56,0.2,,0.26,
64102,Bayonne,06400221885,2026-02-16T08:50:00Z,Eau d'alimentation conforme aux limites de qualité. Eau peu minéralisée susceptible d'être agressive pour les canalisations.,1,7.7,189.0,0.0,5.1,8.64,0.407,,0.37,
64102,Bayonne,06400221872,2026-02-12T08:10:00Z,Eau d'alimentation conforme aux limites de qualité. Eau peu minéralisée susceptible d'être agressive pour les canalisations.,1,7.0,111.0,0.0,2.7,3.75,0.0,,0.22,
64102,Bayonne,06400221741,2026-02-03T08:15:00Z,"Eau d'alimentation conforme aux limites de qualité. Eau peu minéralisée susceptible d'être agressive pour les canalisations. Teneur en désinfectant (chlore) insuffisante. Maintenir le taux à 0,1 mg/l en distribution.",1,8.6,176.0,0.0,4.9,7.07,0.0,,0.0,
64102,Bayonne,06400221647,2026-01-26T10:00:00Z,Eau d'alimentation conforme aux limites de qualité. Eau peu minéralisée susceptible d'être agressive pour les canalisations.,1,7.5,183.0,0.0,6.4,7.97,1.02,,0.35,
87154,Saint-Junien,08700127675,2026-04-08T13:15:00Z,Eau d'alimentation conforme aux exigences de qualité en vigueur pour l'ensemble des paramètres mesurés.,1,8.0,265.0,0.57,5.2,11.0,1.4,,0.2,
87154,Saint-Junien,08700127625,2026-03-24T10:58:00Z,Eau d'alimentation conforme aux exigences de qualité en vigueur pour l'ensemble des paramètres mesurés.,1,8.1,262.0,0.0,4.9,11.0,1.2,,0.2,
87154,Saint-Junien,08700127626,2026-03-24T10:36:00Z,Eau d'alimentation conforme aux exigences de qualité en vigueur pour l'ensemble des paramètres mesurés.,1,8.2,263.0,0.0,4.8,11.0,1.2,,0.3,
87154,Saint-Junien,08700127537,2026-02-16T10:30:00Z,"Eau agressive et corrosive nécessitant une adaptation du traitement de neutralisation. Risque de teneurs excessives en fer, cuivre voire plomb (en cas de branchements ou de réseaux intérieurs en plomb). Les autres paramètres sont conformes.",1,7.8,279.0,0.0,6.6,10.0,1.7,15.0,0.4,
87154,Saint-Junien,08700126966,2026-01-15T14:28:00Z,Teneur en chlore très élevée au point d'usage pouvant conférer à l'eau des goûts désagréables pour les usagers. Un autocontrôle des teneurs en chlore résiduel doit être effectué régulièrement. Les autres résultats sont conformes.,1,8.0,250.0,0.0,5.7,11.0,1.5,,0.6,
87154,Saint-Junien,08700126967,2026-01-15T13:56:00Z,Eau d'alimentation conforme aux exigences de qualité en vigueur pour l'ensemble des paramètres mesurés.,1,7.8,249.0,0.0,6.1,11.0,1.6,,0.25,
87154,Saint-Junien,08700126790,2025-12-17T10:57:00Z,Eau d'alimentation conforme aux exigences de qualité en vigueur pour l'ensemble des paramètres mesurés.,1,8.2,246.0,0.0,,,,,0.3,
87154,Saint-Junien,08700126791,2025-12-17T10:43:00Z,Eau d'alimentation conforme aux exigences de qualité en vigueur pour l'ensemble des paramètres mesurés.,1,8.2,246.0,0.0,,,,,0.3,
87154,Saint-Junien,08700126792,2025-12-16T10:58:00Z,Eau d'alimentation conforme aux exigences de qualité en vigueur pour l'ensemble des paramètres mesurés.,1,8.3,249.0,0.0,,,,,0.25,
87154,Saint-Junien,08700126235,2025-11-05T11:45:00Z,Eau d'alimentation conforme aux exigences de qualité en vigueur pour l'ensemble des paramètres mesurés.,1,8.1,255.0,0.0,,,,,0.1,
87154,Saint-Junien,08700125847,2025-10-08T11:02:00Z,Eau d'alimentation conforme aux exigences de qualité en vigueur pour l'ensemble des paramètres mesurés.,1,8.4,257.0,0.0,,,,,0.0,
87154,Saint-Junien,08700125530,2025-09-08T11:53:00Z,Eau d'alimentation conforme aux exigences de qualité en vigueur pour l'ensemble des paramètres mesurés.,1,8.7,259.0,0.0,,,,,0.3,
17300,La Rochelle,01700157322,2026-04-27T10:10:00Z,Eau d'alimentation conforme aux exigences de qualité en vigueur pour l'ensemble des paramètres mesurés.,1,7.5,630.0,0.0,33.0,30.3,1.0,,0.1,
17300,La Rochelle,01700157320,2026-04-27T09:45:00Z,Eau d'alimentation conforme aux exigences de qualité en vigueur pour l'ensemble des paramètres mesurés.,1,7.5,624.0,0.0,33.0,31.1,0.98,,0.45,
17300,La Rochelle,01700157114,2026-04-03T08:49:00Z,Eau d'alimentation conforme aux exigences de qualité en vigueur pour l'ensemble des paramètres mesurés.,1,7.3,621.0,0.0,33.0,30.8,1.3,,0.55,
17300,La Rochelle,01700157113,2026-04-03T08:19:00Z,Eau d'alimentation conforme aux exigences de qualité en vigueur pour l'ensemble des paramètres mesurés.,1,7.3,620.0,0.0,32.0,33.9,1.4,,0.05,
17300,La Rochelle,01700157070,2026-03-26T10:46:00Z,Eau d'alimentation conforme aux exigences de qualité en vigueur pour l'ensemble des paramètres mesurés.,1,7.2,744.0,0.21,52.0,36.2,1.4,,0.35,
17300,La Rochelle,01700156991,2026-03-20T10:15:00Z,Eau d'alimentation conforme aux exigences de qualité en vigueur pour l'ensemble des paramètres mesurés.,1,7.4,615.0,0.0,31.0,29.9,1.5,,0.4,
17300,La Rochelle,01700156992,2026-03-20T09:35:00Z,Eau d'alimentation conforme aux exigences de qualité en vigueur pour l'ensemble des paramètres mesurés.,1,7.3,726.0,0.0,48.0,36.9,1.4,,0.4,
17300,La Rochelle,01700156770,2026-03-03T12:00:00Z,Eau d'alimentation conforme aux exigences de qualité en vigueur pour l'ensemble des paramètres mesurés.,1,7.4,590.0,0.0,28.0,28.3,1.7,,0.45,
17300,La Rochelle,01700156771,2026-03-03T10:00:00Z,Eau d'alimentation conforme aux exigences de qualité en vigueur pour l'ensemble des paramètres mesurés.,1,7.1,759.0,0.0,54.0,38.7,1.4,,0.5,
17300,La Rochelle,01700156926,2026-03-03T09:30:00Z,"Eau d'alimentation conforme aux limites de qualité. Toutefois l’eau pr ovient d’une ressource vulnérable aux pollutions et fait l’objet d’un suivi resserré car la valeur indicative de 0,9 µg/L pour le métabolite R471811 est dépassée.",1,7.1,760.0,0.0,54.0,37.1,1.4,,0.65,
17300,La Rochelle,01700156740,2026-02-25T10:07:00Z,Eau d'alimentation conforme aux exigences de qualité en vigueur pour l'ensemble des paramètres mesurés.,1,7.2,551.0,0.27,29.0,27.5,1.8,,0.6,
17300,La Rochelle,01700156741,2026-02-25T09:40:00Z,Eau d'alimentation conforme aux exigences de qualité en vigueur pour l'ensemble des paramètres mesurés.,1,7.5,546.0,0.0,29.0,15.3,1.8,,0.4,
92050,Nanterre,09200151574,2026-04-10T09:23:00Z,Eau d'alimentation conforme aux exigences de qualité en vigueur pour l'ensemble des paramètres mesurés.,1,7.5,578.0,0.0,36.9,17.11,0.91,,0.39,
92050,Nanterre,09200151575,2026-04-10T08:33:00Z,Eau d'alimentation conforme aux exigences de qualité en vigueur pour l'ensemble des paramètres mesurés.,1,7.6,515.0,0.0,46.5,17.62,0.73,,0.09,
92050,Nanterre,09200151427,2026-03-20T10:48:00Z,Eau d'alimentation conforme aux exigences de qualité en vigueur pour l'ensemble des paramètres mesurés.,1,7.69,514.0,0.1,66.0,19.31,0.67,,0.4,
92050,Nanterre,09200151428,2026-03-20T10:11:00Z,Eau d'alimentation conforme aux exigences de qualité en vigueur pour l'ensemble des paramètres mesurés.,1,7.71,510.0,0.0,63.0,18.13,0.64,,0.53,
92050,Nanterre,09200150683,2026-02-11T10:28:00Z,Eau d'alimentation conforme aux exigences de qualité en vigueur pour l'ensemble des paramètres mesurés.,1,7.6,500.0,0.0,30.0,16.21,0.99,,0.44,
92050,Nanterre,09200150682,2026-02-11T09:56:00Z,Eau d'alimentation conforme aux exigences de qualité en vigueur pour l'ensemble des paramètres mesurés.,1,7.6,499.0,0.13,30.0,15.74,1.0,,0.46,
92050,Nanterre,09200150684,2026-02-11T08:01:00Z,Eau d'alimentation conforme aux exigences de qualité en vigueur pour l'ensemble des paramètres mesurés.,1,7.7,571.0,0.16,36.0,17.92,0.96,,0.42,
92050,Nanterre,09200150460,2026-01-15T10:00:00Z,Eau d'alimentation conforme aux exigences de qualité en vigueur pour l'ensemble des paramètres mesurés.,1,7.5,508.0,0.22,42.0,17.1,0.84,,0.54,
92050,Nanterre,09200150549,2026-01-15T09:15:00Z,Eau d'alimentation conforme aux exigences de qualité en vigueur pour l'ensemble des paramètres mesurés.,1,7.7,612.0,0.13,71.0,18.93,0.78,,0.32,
92050,Nanterre,09200150375,2025-12-18T14:18:00Z,Eau d'alimentation conforme aux exigences de qualité en vigueur pour l'ensemble des paramètres mesurés.,1,7.3,533.0,0.11,,,,11.4,0.47,
92050,Nanterre,09200150351,2025-12-18T11:47:00Z,Eau d'alimentation conforme aux exigences de qualité en vigueur pour l'ensemble des paramètres mesurés.,1,7.3,529.0,0.13,,,,,0.4,
92050,Nanterre,09200150352,2025-12-18T10:57:00Z,Eau d'alimentation conforme aux exigences de qualité en vigueur pour l'ensemble des paramètres mesurés.,1,7.59,519.0,0.13,,,,,0.31,
94028,Créteil,09400173791,2026-04-23T10:18:00Z,Eau d'alimentation conforme aux exigences de qualité en vigueur pour l'ensemble des paramètres mesurés.,1,7.5,563.0,0.0,49.2,22.0,1.0,1.09,0.13,
94028,Créteil,09400173681,2026-04-16T11:01:00Z,Eau d'alimentation conforme aux exigences de qualité en vigueur pour l'ensemble des paramètres mesurés.,1,7.7,617.0,0.0,47.3,26.5,0.98,2.55,0.22,
94028,Créteil,09400173572,2026-04-01T11:35:00Z,Eau d'alimentation conforme aux exigences de qualité en vigueur pour l'ensemble des paramètres mesurés.,1,7.6,578.0,0.0,44.8,23.4,1.4,12.1,0.17,
94028,Créteil,09400173490,2026-03-26T11:06:00Z,Eau d'alimentation conforme aux exigences de qualité en vigueur pour l'ensemble des paramètres mesurés.,1,7.5,585.0,0.0,52.1,27.1,0.97,14.4,0.18,
94028,Créteil,09400173443,2026-03-19T11:49:00Z,Eau d'alimentation conforme aux exigences de qualité en vigueur pour l'ensemble des paramètres mesurés.,1,7.5,612.0,0.0,48.0,30.2,1.3,0.96,0.27,
94028,Créteil,09400173367,2026-03-09T11:07:00Z,Eau d'alimentation conforme aux exigences de qualité en vigueur pour l'ensemble des paramètres mesurés.,1,7.6,619.0,0.0,49.1,28.1,0.88,14.0,0.17,
94028,Créteil,09400173325,2026-03-02T09:36:00Z,Eau d'alimentation conforme aux exigences de qualité en vigueur pour l'ensemble des paramètres mesurés.,1,7.7,555.0,0.0,29.4,23.9,1.1,2.99,0.17,
94028,Créteil,09400173242,2026-02-23T09:42:00Z,Eau d'alimentation conforme aux exigences de qualité en vigueur pour l'ensemble des paramètres mesurés.,1,8.0,523.0,0.0,21.3,19.7,1.3,8.04,0.23,
94028,Créteil,09400173154,2026-02-17T10:50:00Z,Eau d'alimentation conforme aux exigences de qualité en vigueur pour l'ensemble des paramètres mesurés.,1,8.0,550.0,0.12,36.6,21.2,1.3,9.0,0.28,
94028,Créteil,09400173165,2026-02-13T11:10:00Z,Eau d'alimentation conforme aux exigences de qualité en vigueur pour l'ensemble des paramètres mesurés.,1,7.6,533.0,0.0,34.8,26.1,1.5,15.1,0.3,
94028,Créteil,09400172816,2026-02-06T09:07:00Z,Eau d'alimentation conforme aux exigences de qualité en vigueur pour l'ensemble des paramètres mesurés.,1,7.5,566.0,0.0,48.1,25.8,1.1,18.4,0.27,
94028,Créteil,09400172817,2026-01-30T15:45:00Z,Eau d'alimentation conforme aux exigences de qualité en vigueur pour l'ensemble des paramètres mesurés.,1,7.6,618.0,0.13,42.5,25.3,1.2,12.6,0.3,
93048,Montreuil,09300148441,2026-04-28T12:00:00Z,Eau d'alimentation conforme aux exigences de qualité en vigueur pour l'ensemble des paramètres mesurés.,1,7.7,610.0,0.0,52.0,32.6,1.2,11.4,0.45,
93048,Montreuil,09300148261,2026-04-07T07:46:00Z,Eau d'alimentation conforme aux exigences de qualité en vigueur pour l'ensemble des paramètres mesurés.,1,7.6,602.0,0.0,52.8,28.3,1.7,1.43,0.48,
93048,Montreuil,09300148165,2026-03-31T09:36:00Z,Eau d'alimentation conforme aux exigences de qualité en vigueur pour l'ensemble des paramètres mesurés.,1,7.6,543.0,0.0,29.0,25.4,1.4,2.62,0.38,
93048,Montreuil,09300147767,2026-03-05T08:51:00Z,Eau d'alimentation conforme aux exigences de qualité en vigueur pour l'ensemble des paramètres mesurés.,1,7.7,534.0,0.0,28.2,23.2,1.6,16.5,0.38,
93048,Montreuil,09300147534,2026-03-02T07:42:00Z,Eau d'alimentation conforme aux exigences de qualité en vigueur pour l'ensemble des paramètres mesurés.,1,7.7,539.0,0.33,27.9,25.7,1.5,4.65,0.33,
93048,Montreuil,09300147500,2026-02-23T11:53:00Z,Eau d'alimentation conforme aux limites de qualité et non conforme aux références de qualité.,0,7.7,501.0,0.0,31.8,21.4,2.1,5.6,0.37,
93048,Montreuil,09300147420,2026-02-17T07:46:00Z,Eau d'alimentation conforme aux exigences de qualité en vigueur pour l'ensemble des paramètres mesurés.,1,7.8,520.0,0.1,19.2,22.4,1.3,15.2,0.44,
93048,Montreuil,09300147459,2026-02-12T07:53:00Z,Eau d'alimentation conforme aux exigences de qualité en vigueur pour l'ensemble des paramètres mesurés.,1,7.3,587.0,0.0,33.9,24.0,1.7,13.2,0.37,
93048,Montreuil,09300147392,2026-02-09T07:42:00Z,Eau d'alimentation conforme aux exigences de qualité en vigueur pour l'ensemble des paramètres mesurés.,1,7.5,608.0,0.0,45.4,27.3,1.6,9.68,0.29,
93048,Montreuil,09300148091,2026-02-05T13:00:00Z,Eau d'alimentation conforme aux exigences de qualité en vigueur pour l'ensemble des paramètres mesurés.,1,7.6,628.0,0.0,42.3,29.4,1.2,3.72,0.47,
93048,Montreuil,09300146774,2025-12-30T11:33:00Z,Eau d'alimentation conforme aux exigences de qualité en vigueur pour l'ensemble des paramètres mesurés.,1,7.6,562.0,0.0,,,,,0.33,
93048,Montreuil,09300146709,2025-12-24T11:46:00Z,Eau d'alimentation conforme aux exigences de qualité en vigueur pour l'ensemble des paramètres mesurés.,1,7.8,591.0,0.0,,,,,0.54,
95018,Argenteuil,09500189115,2026-04-16T10:47:00Z,Eau d'alimentation conforme aux exigences de qualité en vigueur pour l'ensemble des paramètres mesurés.,1,7.8,568.0,0.13,38.1,24.99,1.0,37.6,0.16,
95018,Argenteuil,09500188914,2026-03-30T13:29:00Z,Eau d'alimentation conforme aux exigences de qualité en vigueur pour l'ensemble des paramètres mesurés.,1,7.5,496.0,0.14,30.9,20.43,1.0,22.2,0.26,
95018,Argenteuil,09500188737,2026-03-16T08:42:00Z,Eau d'alimentation conforme aux exigences de qualité en vigueur pour l'ensemble des paramètres mesurés.,1,7.8,487.0,0.0,32.0,21.17,0.71,9.77,0.29,
95018,Argenteuil,09500188760,2026-03-09T09:21:00Z,Eau d'alimentation conforme aux exigences de qualité en vigueur pour l'ensemble des paramètres mesurés.,1,7.8,393.0,0.0,18.6,16.75,0.77,3.2,0.26,
95018,Argenteuil,09500188371,2026-03-02T10:42:00Z,Eau d'alimentation conforme aux exigences de qualité en vigueur pour l'ensemble des paramètres mesurés.,1,7.9,428.0,0.15,55.0,14.45,0.77,6.6,0.2,
95018,Argenteuil,09500188198,2026-02-16T09:48:00Z,Eau d'alimentation conforme aux exigences de qualité en vigueur pour l'ensemble des paramètres mesurés.,1,7.7,427.0,0.49,21.0,15.96,0.7,16.8,0.26,
95018,Argenteuil,09500188121,2026-02-09T11:09:00Z,Eau d'alimentation conforme aux exigences de qualité en vigueur pour l'ensemble des paramètres mesurés.,1,7.8,416.0,0.0,19.0,16.23,0.51,1.2,0.28,
95018,Argenteuil,09500187966,2026-01-26T10:27:00Z,Eau d'alimentation conforme aux exigences de qualité en vigueur pour l'ensemble des paramètres mesurés.,1,7.8,,0.0,46.0,,1.3,4.8,0.3,
95018,Argenteuil,09500187920,2026-01-20T11:16:00Z,Eau d'alimentation conforme aux exigences de qualité en vigueur pour l'ensemble des paramètres mesurés.,1,8.0,332.0,0.32,16.0,14.05,0.8,3.9,0.27,
95018,Argenteuil,09500187898,2026-01-12T10:48:00Z,Eau d'alimentation conforme aux exigences de qualité en vigueur pour l'ensemble des paramètres mesurés.,1,7.7,473.0,0.73,20.0,16.7,0.44,0.61,0.31,
95018,Argenteuil,09500187787,2025-12-31T11:26:00Z,Eau d'alimentation conforme aux exigences de qualité en vigueur pour l'ensemble des paramètres mesurés.,1,8.0,441.0,0.2,,,,,0.45,
95018,Argenteuil,09500187769,2025-12-24T08:40:00Z,Eau d'alimentation conforme aux exigences de qualité en vigueur pour l'ensemble des paramètres mesurés.,1,8.0,446.0,0.13,,,,,0.31,
92012,Boulogne-Billancourt,09200151581,2026-04-10T10:49:00Z,Eau d'alimentation conforme aux exigences de qualité en vigueur pour l'ensemble des paramètres mesurés.,1,7.72,550.0,0.12,31.4,25.41,1.2,,0.31,
92012,Boulogne-Billancourt,09200151579,2026-04-10T10:20:00Z,Eau d'alimentation conforme aux exigences de qualité en vigueur pour l'ensemble des paramètres mesurés.,1,7.7,591.0,0.1,35.3,24.88,1.7,,0.34,
92012,Boulogne-Billancourt,09200151580,2026-04-10T09:14:00Z,Eau d'alimentation conforme aux exigences de qualité en vigueur pour l'ensemble des paramètres mesurés.,1,7.77,591.0,0.13,34.8,25.6,1.1,,0.16,
92012,Boulogne-Billancourt,09200151578,2026-04-10T08:42:00Z,Eau d'alimentation conforme aux exigences de qualité en vigueur pour l'ensemble des paramètres mesurés.,1,7.6,591.0,0.2,31.9,25.58,1.1,,0.27,
92012,Boulogne-Billancourt,09200151387,2026-03-09T10:47:00Z,Eau d'alimentation conforme aux exigences de qualité en vigueur pour l'ensemble des paramètres mesurés.,1,7.7,521.0,0.1,24.0,25.14,1.5,,0.3,
92012,Boulogne-Billancourt,09200151386,2026-03-09T10:09:00Z,Eau d'alimentation conforme aux exigences de qualité en vigueur pour l'ensemble des paramètres mesurés.,1,7.6,524.0,0.15,23.5,25.43,1.4,,0.4,
92012,Boulogne-Billancourt,09200151385,2026-03-09T09:44:00Z,"Ce prélèvement a révélé une contamination bactériologique. Ce problème était ponctuel et représentatif du point uniquement. Les autres param ètres ont montré une eau conforme à la réglementation pour les paramèt res mesurés. Des actions ont été engagées (nettoyage du point, rinçage du réseau…) afin de remédier à la situation.",1,7.62,519.0,0.11,23.2,25.07,1.5,,0.4,
92012,Boulogne-Billancourt,09200151384,2026-03-09T09:12:00Z,Eau d'alimentation conforme aux exigences de qualité en vigueur pour l'ensemble des paramètres mesurés.,1,7.66,523.0,0.9,23.5,25.19,1.5,,0.2,
92012,Boulogne-Billancourt,09200150692,2026-02-10T10:04:00Z,Eau d'alimentation conforme aux exigences de qualité en vigueur pour l'ensemble des paramètres mesurés.,1,7.8,555.0,0.0,28.0,22.65,1.7,,0.35,
92012,Boulogne-Billancourt,09200150669,2026-02-06T11:09:00Z,Eau d'alimentation conforme aux exigences de qualité en vigueur pour l'ensemble des paramètres mesurés.,1,7.7,555.0,0.12,28.0,24.04,1.3,,0.29,
92012,Boulogne-Billancourt,09200150689,2026-02-06T10:45:00Z,Ce prélèvement a révélé une légère contamination bactériologique. Ce p roblème était ponctuel et représentatif du point uniquement. Ce dépassement n'a pas été confirmé lors du recontrôle du 12/02. Les a utres paramètres ont montré des résultats conformes à la réglementatio n en vigueur.,1,7.7,550.0,0.0,29.0,24.32,1.3,,0.29,
92012,Boulogne-Billancourt,09200150668,2026-02-06T10:25:00Z,Eau d'alimentation conforme aux exigences de qualité en vigueur pour l'ensemble des paramètres mesurés.,1,7.58,552.0,0.0,29.0,23.87,1.4,,0.33,
78646,Versailles,07800253041,2026-04-24T12:49:00Z,Eau d'alimentation conforme aux exigences de qualité en vigueur pour l'ensemble des paramètres mesurés.,1,7.81,684.0,0.17,64.0,24.44,0.82,4.7,0.38,
78646,Versailles,07800252925,2026-04-15T10:04:00Z,Eau d'alimentation conforme aux exigences de qualité en vigueur pour l'ensemble des paramètres mesurés.,1,7.62,594.0,0.1,36.6,31.71,0.59,0.78,0.49,
78646,Versailles,07800252898,2026-04-10T10:24:00Z,Eau d'alimentation conforme aux exigences de qualité en vigueur pour l'ensemble des paramètres mesurés.,1,7.74,680.0,0.0,70.0,28.23,0.86,35.7,0.44,
78646,Versailles,07800252735,2026-04-01T11:03:00Z,Eau d'alimentation conforme aux exigences de qualité en vigueur pour l'ensemble des paramètres mesurés.,1,7.68,607.0,0.12,71.0,27.23,1.1,61.3,0.38,
78646,Versailles,07800252677,2026-03-27T10:54:00Z,Eau d'alimentation conforme aux exigences de qualité en vigueur pour l'ensemble des paramètres mesurés.,1,7.67,541.0,0.0,26.6,24.85,1.7,14.0,0.41,
78646,Versailles,07800252520,2026-03-19T11:01:00Z,Eau d'alimentation conforme aux exigences de qualité en vigueur pour l'ensemble des paramètres mesurés.,1,7.22,592.0,0.0,63.0,24.91,1.0,3.1,0.48,
78646,Versailles,07800252417,2026-03-12T10:40:00Z,Eau d'alimentation conforme aux exigences de qualité en vigueur pour l'ensemble des paramètres mesurés.,1,7.56,706.0,0.23,73.0,20.21,0.71,24.81,0.48,
78646,Versailles,07800252393,2026-03-09T10:17:00Z,Eau d'alimentation conforme aux exigences de qualité en vigueur pour l'ensemble des paramètres mesurés.,1,7.6,618.0,0.2,91.0,18.49,0.75,0.9,0.37,
78646,Versailles,07800251920,2026-02-25T12:05:00Z,Eau d'alimentation conforme aux exigences de qualité en vigueur pour l'ensemble des paramètres mesurés.,1,7.84,619.0,0.16,87.0,17.73,0.64,0.32,0.5,
78646,Versailles,07800251836,2026-02-18T13:31:00Z,Eau d'alimentation conforme aux exigences de qualité en vigueur pour l'ensemble des paramètres mesurés.,1,7.76,528.0,0.0,58.0,21.52,1.2,35.7,0.42,
78646,Versailles,07800251724,2026-02-12T11:52:00Z,Eau d'alimentation conforme aux exigences de qualité en vigueur pour l'ensemble des paramètres mesurés.,1,7.7,630.0,0.0,83.0,18.7,0.75,1.1,0.48,
78646,Versailles,07800251632,2026-02-03T11:22:00Z,Eau d'alimentation conforme aux exigences de qualité en vigueur pour l'ensemble des paramètres mesurés.,1,7.7,615.0,0.0,85.0,17.78,0.89,0.3,0.42,
77288,Melun,07700259649,2026-03-23T13:29:00Z,Eau d'alimentation conforme aux exigences de qualité en vigueur pour l'ensemble des paramètres mesurés.,1,7.71,551.0,0.0,24.8,26.46,0.41,3.58,0.31,
77288,Melun,07700259415,2026-03-10T10:51:00Z,Eau d'alimentation conforme aux exigences de qualité en vigueur pour l'ensemble des paramètres mesurés.,1,7.56,500.0,0.16,12.8,21.85,0.48,0.0,0.38,
77288,Melun,07700259417,2026-03-10T10:36:00Z,Eau d'alimentation conforme aux exigences de qualité en vigueur pour l'ensemble des paramètres mesurés.,1,7.5,582.0,0.26,22.6,25.99,0.59,0.0,0.41,
77288,Melun,07700259648,2026-03-09T11:02:00Z,Eau d'alimentation non-conforme aux références de qualité pour le paramètre équilibre calcocarbonique. L'eau du réseau est considérée comme agressive. Elle ne représente aucun danger pour la santé.,1,7.61,557.0,0.0,23.4,26.94,0.36,3.17,0.5,
77288,Melun,07700259185,2026-02-26T13:13:00Z,Eau d'alimentation conforme aux exigences de qualité en vigueur pour l'ensemble des paramètres mesurés.,1,7.6,629.0,0.11,28.0,30.06,0.43,0.34,0.33,
77288,Melun,07700258930,2026-02-17T12:57:00Z,Eau d'alimentation conforme aux exigences de qualité en vigueur pour l'ensemble des paramètres mesurés.,1,7.5,484.0,0.22,14.0,24.32,0.29,0.0,0.27,
77288,Melun,07700258856,2026-02-13T08:13:00Z,Eau d'alimentation conforme aux exigences de qualité en vigueur pour l'ensemble des paramètres mesurés.,1,7.74,587.0,0.15,24.0,26.17,0.29,8.99,0.18,
77288,Melun,07700258840,2026-01-23T09:43:00Z,Eau d’alimentation ne satisfaisant pas aux références de qualité pour le paramètre équilibre calcocarbonique. L'eau du réseau est considérée comme incrustante. Elle ne représente aucun danger pour la santé.,0,7.58,621.0,0.14,0.0,28.45,0.35,3.77,0.43,
77288,Melun,07700258251,2026-01-16T09:19:00Z,Eau d'alimentation conforme aux exigences de qualité en vigueur pour l'ensemble des paramètres mesurés.,1,7.7,487.0,0.0,12.0,22.33,0.27,5.79,0.31,
77288,Melun,07700258249,2026-01-16T08:59:00Z,Eau d'alimentation conforme aux exigences de qualité en vigueur pour l'ensemble des paramètres mesurés.,1,7.7,573.0,0.16,24.0,25.58,0.4,0.12,0.39,
77288,Melun,07700258107,2026-01-06T10:44:00Z,Eau d'alimentation conforme aux exigences de qualité en vigueur pour l'ensemble des paramètres mesurés.,1,7.67,595.0,0.13,23.0,27.75,0.53,0.16,0.24,
77288,Melun,07700257997,2025-12-24T12:14:00Z,Eau d'alimentation conforme aux exigences de qualité en vigueur pour l'ensemble des paramètres mesurés.,1,7.4,606.0,0.0,,,,,0.29,
91228,Évry-Courcouronnes,09100205839,2026-04-07T09:56:00Z,Eau d'alimentation conforme aux exigences de qualité en vigueur pour l'ensemble des paramètres mesurés.,1,7.5,539.0,0.0,50.5,28.2,1.2,2.05,0.27,
91228,Évry-Courcouronnes,09100205825,2026-04-01T10:05:00Z,Eau d'alimentation conforme aux exigences de qualité en vigueur pour l'ensemble des paramètres mesurés.,1,7.5,614.0,0.0,56.9,26.9,1.2,0.95,0.27,
91228,Évry-Courcouronnes,09100205695,2026-03-19T09:53:00Z,Eau d'alimentation conforme aux exigences de qualité en vigueur pour l'ensemble des paramètres mesurés.,1,7.7,514.0,0.0,50.2,24.3,1.1,0.79,0.24,
91228,Évry-Courcouronnes,09100205721,2026-03-12T09:44:00Z,Eau d'alimentation conforme aux exigences de qualité en vigueur pour l'ensemble des paramètres mesurés.,1,7.3,535.0,0.0,47.4,22.9,1.1,3.18,0.22,
91228,Évry-Courcouronnes,09100205645,2026-03-10T08:33:00Z,Eau d'alimentation conforme aux exigences de qualité en vigueur pour l'ensemble des paramètres mesurés.,1,7.7,527.0,0.0,48.1,24.9,1.1,2.15,0.24,
91228,Évry-Courcouronnes,09100205343,2026-02-16T14:42:00Z,"Eau d'alimentation conforme aux limites de qualité en vigueur mais non conforme à la référence carbone organique total (COT). Le COT n'est pas un paramètre directement à risque pour la santé publique mais il peut être le témoin d’une défaillance du traitement et peut servir de vecteur à un développement microbiologique. Après la mise en œuvre des actions de l’exploitant, le contrôle du 26/02/2026 a montré un retour à la normale.",0,7.7,493.0,0.0,59.7,20.2,2.4,3.19,0.1,
91228,Évry-Courcouronnes,09100205043,2026-02-10T10:39:00Z,Eau d'alimentation conforme aux exigences de qualité en vigueur pour l'ensemble des paramètres mesurés.,1,7.7,515.0,0.0,46.1,23.1,1.4,9.21,0.41,
91228,Évry-Courcouronnes,09100205106,2026-02-04T15:15:00Z,Eau d'alimentation conforme aux exigences de qualité en vigueur pour l'ensemble des paramètres mesurés.,1,7.5,562.0,0.0,47.2,20.5,1.4,17.6,0.13,
91228,Évry-Courcouronnes,09100205086,2026-02-02T10:19:00Z,Eau d'alimentation conforme aux exigences de qualité en vigueur pour l'ensemble des paramètres mesurés.,1,7.2,552.0,0.15,45.4,25.3,1.3,13.8,0.19,
91228,Évry-Courcouronnes,09100204974,2026-01-22T12:36:00Z,Eau d'alimentation conforme aux exigences de qualité en vigueur pour l'ensemble des paramètres mesurés.,1,7.8,528.0,0.0,43.4,24.2,1.4,1.22,0.36,
91228,Évry-Courcouronnes,09100204886,2026-01-15T08:39:00Z,Eau d'alimentation conforme aux exigences de qualité en vigueur pour l'ensemble des paramètres mesurés.,1,7.8,552.0,0.0,58.3,27.8,1.3,2.18,0.27,
91228,Évry-Courcouronnes,09100204605,2025-12-01T11:33:00Z,Eau d'alimentation conforme aux exigences de qualité en vigueur pour l'ensemble des paramètres mesurés.,1,8.0,509.0,0.26,,,,,0.33,
59183,Dunkerque,05900340729,2026-03-20T09:23:00Z,Eau d'alimentation conforme aux exigences de qualité en vigueur pour l'ensemble des paramètres mesurés.,1,7.5,553.0,0.13,27.4,23.7,0.32,,0.26,
59183,Dunkerque,05900340730,2026-03-20T09:10:00Z,Eau d'alimentation conforme aux exigences de qualité en vigueur pour l'ensemble des paramètres mesurés.,1,7.5,554.0,0.14,26.3,23.07,0.31,,0.28,
59183,Dunkerque,05900340731,2026-03-20T08:35:00Z,Eau d'alimentation conforme aux exigences de qualité en vigueur pour l'ensemble des paramètres mesurés.,1,7.4,574.0,0.12,26.7,24.13,0.29,,0.24,
59183,Dunkerque,05900340410,2026-03-02T09:02:00Z,Eau d'alimentation conforme aux exigences de qualité en vigueur pour l'ensemble des paramètres mesurés.,1,7.4,616.0,0.11,23.0,27.1,0.37,,0.24,
59183,Dunkerque,05900340235,2026-02-23T09:17:00Z,Eau d'alimentation conforme aux exigences de qualité en vigueur pour l'ensemble des paramètres mesurés.,1,8.1,498.0,0.0,26.0,19.89,0.34,,0.19,
59183,Dunkerque,05900340236,2026-02-23T08:50:00Z,Eau d'alimentation conforme aux exigences de qualité en vigueur pour l'ensemble des paramètres mesurés.,1,8.1,495.0,0.1,26.0,23.27,0.33,,0.2,
59183,Dunkerque,05900339969,2026-02-09T08:51:00Z,Eau d'alimentation conforme aux exigences de qualité en vigueur pour l'ensemble des paramètres mesurés.,1,7.8,503.0,0.26,26.0,18.45,0.47,,0.2,
59183,Dunkerque,05900339835,2026-02-02T09:45:00Z,Eau d'alimentation conforme aux exigences de qualité en vigueur pour l'ensemble des paramètres mesurés.,1,7.8,520.0,0.28,25.0,20.94,0.43,,0.15,
59183,Dunkerque,05900339433,2026-01-27T11:04:00Z,Eau d'alimentation conforme aux exigences de qualité en vigueur pour l'ensemble des paramètres mesurés.,1,7.9,531.0,0.16,28.0,20.49,0.32,,0.25,
59183,Dunkerque,05900339432,2026-01-27T10:49:00Z,Eau d'alimentation conforme aux exigences de qualité en vigueur pour l'ensemble des paramètres mesurés.,1,8.0,550.0,0.0,27.0,20.19,0.32,,0.28,
59183,Dunkerque,05900339341,2026-01-19T09:20:00Z,Eau d'alimentation conforme aux exigences de qualité en vigueur pour l'ensemble des paramètres mesurés.,1,8.1,525.0,0.13,26.0,21.19,0.31,,0.13,
59183,Dunkerque,05900339342,2026-01-19T09:04:00Z,Eau d'alimentation conforme aux exigences de qualité en vigueur pour l'ensemble des paramètres mesurés.,1,7.8,602.0,0.24,24.0,25.87,0.35,,0.24,
59606,Valenciennes,05900341341,2026-04-03T10:21:00Z,Cette eau d’alimentation respecte les recommandations en vigueur concernant la teneur en ions perchlorates et les exigences de qualité réglementaires pour les autres paramètres mesurés.,0,7.6,680.0,0.63,106.0,24.51,0.79,,0.47,
59606,Valenciennes,05900341048,2026-04-03T09:59:00Z,Eau d'alimentation conforme aux exigences de qualité en vigueur pour l'ensemble des paramètres mesurés.,1,7.6,494.0,0.11,30.4,20.3,0.7,,0.19,
59606,Valenciennes,05900341051,2026-04-03T09:40:00Z,Eau d'alimentation conforme aux exigences de qualité en vigueur pour l'ensemble des paramètres mesurés.,1,7.5,509.0,0.11,30.2,21.51,0.71,,0.16,
59606,Valenciennes,05900340483,2026-03-06T08:38:00Z,"Eau d'alimentation conforme aux limites de qualité et non conforme aux références de qualité pour le paramètre équilibre calco-carbonique. Cette eau présente un caractère agressif ce qui peut entraîner une corrosion des matériaux des canalisations et une dissolution des métaux. Il appartient à l'exploitant de prendre les mesures nécessaires pour produire une eau de qualité satisfaisante, à l'équilibre calco-carbonique, voire légèrement incrustante.",0,7.4,737.0,0.13,126.0,27.3,0.85,,0.33,
59606,Valenciennes,05900340646,2026-03-06T08:20:00Z,Cette eau d’alimentation respecte les recommandations en vigueur concernant la teneur en ions perchlorates et les exigences de qualité réglementaires pour les autres paramètres mesurés.,0,7.6,692.0,0.0,96.0,25.33,0.67,,0.47,
59606,Valenciennes,05900340484,2026-03-06T08:04:00Z,Eau d'alimentation conforme aux exigences de qualité en vigueur pour l'ensemble des paramètres mesurés.,1,7.4,762.0,0.12,110.0,29.54,0.91,,0.52,
59606,Valenciennes,05900339825,2026-02-02T09:33:00Z,Eau d'alimentation conforme aux exigences de qualité en vigueur pour l'ensemble des paramètres mesurés.,1,7.7,708.0,0.0,120.0,26.17,0.9,,0.26,
59606,Valenciennes,05900339826,2026-02-02T09:17:00Z,Eau d'alimentation conforme aux exigences de qualité en vigueur pour l'ensemble des paramètres mesurés.,1,7.7,784.0,0.0,140.0,31.77,1.1,,0.29,
59606,Valenciennes,05900339822,2026-02-02T08:55:00Z,Eau d'alimentation conforme aux exigences de qualité en vigueur pour l'ensemble des paramètres mesurés.,1,7.4,823.0,0.12,150.0,34.54,1.2,,0.32,
59606,Valenciennes,05900339336,2026-01-19T10:07:00Z,"Eau d'alimentation conforme aux limites de qualité et non conforme aux références de qualité pour le paramètre équilibre calco-carbonique. Cette eau présente un caractère légèrement agressif ce qui peut entraîner une corrosion des matériaux des canalisations et une dissolution des métaux. Il appartient à l'exploitant de prendre les mesures nécessaires pour produire une eau de qualité satisfaisante, à l'équilibre calco-carbonique, voire légèrement incrustante.",0,7.6,482.0,0.0,27.0,20.28,0.57,,0.24,
59606,Valenciennes,05900339339,2026-01-19T09:28:00Z,Eau d'alimentation conforme aux exigences de qualité en vigueur pour l'ensemble des paramètres mesurés.,1,7.8,483.0,0.43,26.0,,0.57,,0.18,
59606,Valenciennes,05900339338,2026-01-19T08:58:00Z,Eau d'alimentation conforme aux exigences de qualité en vigueur pour l'ensemble des paramètres mesurés.,1,8.0,673.0,0.17,110.0,25.16,0.85,,0.43,
62193,Calais,06200298570,2026-04-01T09:44:00Z,Eau d'alimentation conforme aux exigences de qualité en vigueur pour l'ensemble des paramètres mesurés.,1,7.3,621.0,0.12,12.0,28.78,0.25,,0.27,
62193,Calais,06200298369,2026-03-13T10:35:00Z,Eau d'alimentation conforme aux exigences de qualité en vigueur pour l'ensemble des paramètres mesurés.,1,7.3,616.0,0.0,12.0,27.47,0.27,,0.2,
62193,Calais,06200297955,2026-02-24T10:35:00Z,Eau d'alimentation conforme aux exigences de qualité en vigueur pour l'ensemble des paramètres mesurés.,1,7.3,611.0,0.13,12.0,28.44,0.28,,0.24,
62193,Calais,06200297998,2026-02-18T08:36:00Z,Cette eau d'alimentation respecte les exigences de qualité fixées par l'arrêté du 11 janvier 2007 et les recommandations de l'arrêté préfectoral du 25 octobre 2012 concernant la teneur en ions perchlorates.,0,7.3,693.0,0.12,22.0,32.84,0.31,,0.28,
62193,Calais,06200297496,2026-02-09T10:08:00Z,Eau d'alimentation conforme aux exigences de qualité en vigueur pour l'ensemble des paramètres mesurés.,1,7.5,623.0,0.0,12.0,26.39,0.28,,0.23,
62193,Calais,06200296990,2026-01-19T10:44:00Z,Eau d'alimentation conforme aux exigences de qualité en vigueur pour l'ensemble des paramètres mesurés.,1,7.4,611.0,0.0,11.0,27.5,0.23,,0.28,
62193,Calais,06200297022,2026-01-14T09:21:00Z,Eau d'alimentation conforme aux exigences de qualité en vigueur pour l'ensemble des paramètres mesurés.,1,7.2,650.0,0.26,16.0,28.82,0.24,,0.16,
62193,Calais,06200296651,2025-12-30T11:51:00Z,Eau d'alimentation conforme aux exigences de qualité en vigueur pour l'ensemble des paramètres mesurés.,1,7.3,689.0,0.0,,,,,0.21,
62193,Calais,06200296652,2025-12-30T11:10:00Z,Eau d'alimentation conforme aux exigences de qualité en vigueur pour l'ensemble des paramètres mesurés.,1,7.2,687.0,0.0,,,,,0.27,
62193,Calais,06200296519,2025-12-16T07:42:00Z,Eau d'alimentation conforme aux exigences de qualité en vigueur pour l'ensemble des paramètres mesurés.,1,7.3,631.0,0.31,,,,,0.24,
62193,Calais,06200296826,2025-12-11T08:55:00Z,Eau d'alimentation conforme aux exigences de qualité en vigueur pour l'ensemble des paramètres mesurés.,1,7.2,624.0,0.0,,,,,0.26,
62193,Calais,06200296825,2025-12-11T08:41:00Z,Eau d'alimentation conforme aux exigences de qualité en vigueur pour l'ensemble des paramètres mesurés.,1,7.2,628.0,0.0,,,,,0.24,
62041,Arras,06200298838,2026-04-02T10:23:00Z,Eau d'alimentation conforme aux exigences de qualité en vigueur pour l'ensemble des paramètres mesurés.,1,7.2,760.0,0.13,27.0,35.59,0.39,,0.29,
62041,Arras,06200298609,2026-03-30T09:25:00Z,Eau d'alimentation conforme aux exigences de qualité en vigueur pour l'ensemble des paramètres mesurés.,1,7.2,767.0,0.21,23.4,34.8,0.59,,0.37,
62041,Arras,06200297853,2026-02-11T08:48:00Z,Eau d'alimentation conforme aux exigences de qualité en vigueur pour l'ensemble des paramètres mesurés.,1,7.5,714.0,0.25,24.0,32.84,0.3,,0.39,
62041,Arras,06200298038,2026-02-11T08:06:00Z,Cette eau d’alimentation respecte les exigences de qualité fixées par l'arrêté du 11 janvier 2007 mais ne respecte pas les recommandations en vigueur de l'arrêté  préfectoral du 25 octobre 2012 concernant la teneur en ions perchlorates. Elle est donc déconseillée pour les usages alimentaires pour les nourrissons de moins de 6 mois.,0,7.2,777.0,0.11,23.0,34.89,0.34,,0.42,
62041,Arras,06200296697,2025-12-22T08:19:00Z,Eau d'alimentation conforme aux exigences de qualité en vigueur pour l'ensemble des paramètres mesurés.,1,7.2,755.0,0.16,,,,,0.52,
62041,Arras,06200296090,2025-12-01T10:24:00Z,Eau d'alimentation conforme aux exigences de qualité en vigueur pour l'ensemble des paramètres mesurés.,1,7.2,757.0,0.16,,,,,0.49,
62041,Arras,06200296287,2025-12-01T10:12:00Z,Eau d'alimentation conforme aux exigences de qualité en vigueur pour l'ensemble des paramètres mesurés.,1,7.2,753.0,0.0,23.0,32.79,0.39,,0.5,
62041,Arras,06200295961,2025-11-21T11:15:00Z,Eau d'alimentation conforme aux exigences de qualité en vigueur pour l'ensemble des paramètres mesurés.,1,7.2,772.0,0.11,,,,,0.46,
62041,Arras,06200296254,2025-11-12T11:33:00Z,"Eau d’alimentation non conforme aux limites de qualité en vigueur pour le paramètre chloridazone desphényl. Toutefois, cette eau est propre à la consommation humaine car la concentration du pesticide concerné reste inférieure aux valeurs sanitaires. Un contrôle renforcé est mis en place.",0,7.2,774.0,0.11,22.0,34.08,0.38,4.9,0.57,
62041,Arras,06200295647,2025-11-06T13:25:00Z,Eau d'alimentation conforme aux exigences de qualité en vigueur pour l'ensemble des paramètres mesurés.,1,7.2,753.0,0.16,,,,,0.47,
62041,Arras,06200295299,2025-10-28T08:48:00Z,Eau d'alimentation conforme aux exigences de qualité en vigueur pour l'ensemble des paramètres mesurés.,1,7.4,750.0,0.1,24.0,35.75,0.41,,0.5,
62041,Arras,06200295257,2025-10-13T09:11:00Z,Eau d'alimentation conforme aux exigences de qualité en vigueur pour l'ensemble des paramètres mesurés.,1,7.2,740.0,,,,,,0.44,
10387,Troyes,01000113999,2026-04-24T14:11:00Z,"Compte tenu des paramètres contrôlés, cette eau est conforme aux limites et références de qualité des eaux destinées à la consommation humaine, définies par l'arrêté du 11 janvier 2007, pour l'ensemble des paramètres mesurés. Il est à noter une teneur en chlore libre trop élevée. La teneur en chlore libre sur le réseau de distribution doit être de l'ordre de 0,1 mg/l.",1,7.8,460.0,0.3,10.0,24.2,0.9,,0.28,
10387,Troyes,01000113998,2026-04-24T13:45:00Z,"Compte tenu des paramètres contrôlés, cette eau est conforme aux limites et références de qualité des eaux destinées à la consommation humaine, définies par l'arrêté du 11 janvier 2007, pour l'ensemble des paramètres mesurés.",1,7.8,440.0,0.0,10.0,24.4,1.0,,0.16,
10387,Troyes,01000113914,2026-04-16T13:15:00Z,"Compte tenu des paramètres contrôlés, cette eau est conforme aux limites et références de qualité des eaux destinées à la consommation humaine, définies par l'arrêté du 11 janvier 2007, pour l'ensemble des paramètres mesurés. Il est à noter une teneur en chlore libre élevée. La teneur en chlore libre sur le réseau de distribution doit être de l'ordre de 0,1 mg/l.",1,7.5,470.0,0.0,10.0,24.1,1.1,,0.27,
10387,Troyes,01000113915,2026-04-16T13:01:00Z,"Compte tenu des paramètres contrôlés, cette eau est conforme aux limites et références de qualité des eaux destinées à la consommation humaine, définies par l'arrêté du 11 janvier 2007, pour l'ensemble des paramètres mesurés. Il est à noter une teneur en chlore libre élevée. La teneur en chlore libre sur le réseau de distribution doit être de l'ordre de 0,1 mg/l.",1,7.6,470.0,0.0,10.0,24.1,1.1,,0.25,
10387,Troyes,01000113666,2026-04-02T12:24:00Z,"Compte tenu des paramètres contrôlés, cette eau est conforme aux limites et références de qualité des eaux destinées à la consommation humaine, définies par l'arrêté du 11 janvier 2007, pour l'ensemble des paramètres mesurés. Il est à noter une teneur en chlore libre trop élevée. La teneur en chlore libre sur le réseau de distribution doit être de l'ordre de 0,1 mg/l.",1,7.6,440.0,0.0,9.8,25.1,1.1,,0.33,
10387,Troyes,01000113665,2026-04-02T12:02:00Z,"Compte tenu des paramètres contrôlés, cette eau est conforme aux limites et références de qualité des eaux destinées à la consommation humaine, définies par l'arrêté du 11 janvier 2007, pour l'ensemble des paramètres mesurés.",1,7.5,460.0,0.1,9.7,24.6,1.1,,0.21,
10387,Troyes,01000113582,2026-03-26T08:43:00Z,"Compte tenu des paramètres contrôlés, cette eau est conforme aux limites et références de qualité des eaux destinées à la consommation humaine, définies par l'arrêté du 11 janvier 2007, pour l'ensemble des paramètres mesurés. Il est à noter une teneur en chlore libre trop élevée. La teneur en chlore libre sur le réseau de distribution doit être de l'ordre de 0,1 mg/l.",1,7.4,460.0,0.0,11.0,25.1,1.2,,0.34,
10387,Troyes,01000113581,2026-03-26T08:19:00Z,"Compte tenu des paramètres contrôlés, cette eau est conforme aux limites et références de qualité des eaux destinées à la consommation humaine, définies par l'arrêté du 11 janvier 2007, pour l'ensemble des paramètres mesurés. Il est à noter une teneur en chlore libre trop élevée. La teneur en chlore libre sur le réseau de distribution doit être de l'ordre de 0,1 mg/l.",1,7.4,450.0,0.0,11.0,25.2,1.1,,0.33,
10387,Troyes,01000113506,2026-03-19T13:44:00Z,"Compte tenu des paramètres contrôlés, cette eau est conforme aux limites et références de qualité des eaux destinées à la consommation humaine, définies par l'arrêté du 11 janvier 2007, pour l'ensemble des paramètres mesurés. Il est à noter une teneur en chlore libre trop élevée. La teneur en chlore libre sur le réseau de distribution doit être de l'ordre de 0,1 mg/l.",1,7.5,500.0,0.0,13.0,25.5,1.4,,0.25,
10387,Troyes,01000113505,2026-03-19T13:27:00Z,"Compte tenu des paramètres contrôlés, cette eau est conforme aux limites et références de qualité des eaux destinées à la consommation humaine, définies par l'arrêté du 11 janvier 2007, pour l'ensemble des paramètres mesurés. Il est à noter une teneur en chlore libre trop élevée. La teneur en chlore libre sur le réseau de distribution doit être de l'ordre de 0,1 mg/l.",1,7.5,500.0,0.0,13.0,26.2,1.2,,0.27,
10387,Troyes,01000113426,2026-03-12T13:19:00Z,"Compte tenu des paramètres contrôlés, cette eau est conforme aux limites et références de qualité des eaux destinées à la consommation humaine, définies par l'arrêté du 11 janvier 2007, pour l'ensemble des paramètres mesurés. Il est à noter une teneur en chlore libre trop élevée. La teneur en chlore libre sur le réseau de distribution doit être de l'ordre de 0,1 mg/l.",1,7.6,510.0,1.8,13.0,26.2,1.3,,0.23,
10387,Troyes,01000113406,2026-03-12T12:31:00Z,"Compte tenu des paramètres contrôlés, cette eau est conforme aux limites et références de qualité des eaux destinées à la consommation humaine, définies par l'arrêté du 11 janvier 2007, pour l'ensemble des paramètres mesurés. Il est à noter une teneur en chlore libre trop élevée. La teneur en chlore libre sur le réseau de distribution doit être de l'ordre de 0,1 mg/l.",1,7.6,490.0,0.0,13.0,26.7,1.3,,0.4,
88160,Épinal,08800194308,2026-04-16T12:19:00Z,Eau d'alimentation conforme aux exigences de qualité en vigueur pour l'ensemble des paramètres mesurés.,1,8.0,270.0,0.0,15.0,11.6,1.0,,0.15,
88160,Épinal,08800194305,2026-04-16T10:08:00Z,Eau d'alimentation conforme aux exigences de qualité en vigueur pour l'ensemble des paramètres mesurés.,1,8.0,270.0,0.0,15.0,11.9,1.2,,0.19,
88160,Épinal,08800194304,2026-04-16T09:47:00Z,Eau d'alimentation conforme aux exigences de qualité en vigueur pour l'ensemble des paramètres mesurés.,1,8.2,220.0,0.0,2.2,10.4,0.8,,0.28,
88160,Épinal,08800194303,2026-04-16T09:32:00Z,Eau d'alimentation conforme aux exigences de qualité en vigueur pour l'ensemble des paramètres mesurés.,1,8.1,220.0,0.0,2.2,10.5,0.7,,0.18,
88160,Épinal,08800194306,2026-04-16T09:09:00Z,Eau d'alimentation conforme aux exigences de qualité en vigueur pour l'ensemble des paramètres mesurés.,1,8.1,220.0,0.0,3.4,10.3,0.9,,0.29,
88160,Épinal,08800194307,2026-04-16T08:39:00Z,Eau d'alimentation conforme aux exigences de qualité en vigueur pour l'ensemble des paramètres mesurés.,1,8.0,220.0,0.0,2.2,10.5,0.6,,0.28,
88160,Épinal,08800193596,2026-03-02T11:08:00Z,Eau d'alimentation conforme aux exigences de qualité en vigueur pour l'ensemble des paramètres mesurés.,1,8.0,220.0,0.0,2.6,10.8,0.0,,0.16,
88160,Épinal,08800193595,2026-03-02T10:54:00Z,Eau d'alimentation conforme aux exigences de qualité en vigueur pour l'ensemble des paramètres mesurés.,1,8.0,220.0,0.1,2.6,10.7,0.4,,0.14,
88160,Épinal,08800193085,2026-02-02T13:28:00Z,Eau d'alimentation conforme aux exigences de qualité en vigueur pour l'ensemble des paramètres mesurés.,1,8.0,270.0,0.0,16.0,11.8,0.8,,0.24,
88160,Épinal,08800193084,2026-02-02T13:08:00Z,Eau d'alimentation conforme aux exigences de qualité en vigueur pour l'ensemble des paramètres mesurés.,1,8.0,270.0,0.0,16.0,12.0,0.8,,0.26,
88160,Épinal,08800193082,2026-02-02T12:54:00Z,Eau d'alimentation conforme aux exigences de qualité en vigueur pour l'ensemble des paramètres mesurés.,1,8.3,210.0,0.1,2.2,10.8,0.4,,0.25,
88160,Épinal,08800193083,2026-02-02T12:47:00Z,Eau d'alimentation conforme aux exigences de qualité en vigueur pour l'ensemble des paramètres mesurés.,1,8.3,220.0,0.0,2.2,10.3,0.4,,0.26,
27229,Évreux,02700174605,2026-02-09T14:45:00Z,Eau d'alimentation conforme aux exigences de qualité en vigueur pour l'ensemble des paramètres mesurés.,1,7.7,603.0,0.0,12.6,30.8,0.46,,,
27229,Évreux,02700174574,2026-02-02T14:30:00Z,Eau d'alimentation conforme aux exigences de qualité en vigueur pour l'ensemble des paramètres mesurés.,1,7.6,592.0,0.0,12.5,31.5,0.47,,,
27229,Évreux,02700174361,2026-01-21T09:30:00Z,Eau d'alimentation conforme aux exigences de qualité en vigueur pour l'ensemble des paramètres mesurés.,1,7.7,590.0,0.0,11.4,31.2,0.47,,,
27229,Évreux,02700174314,2026-01-12T13:19:00Z,Eau d'alimentation conforme aux exigences de qualité en vigueur pour l'ensemble des paramètres mesurés.,1,7.5,600.0,0.95,12.1,31.4,0.47,,0.08,
27229,Évreux,02700174161,2025-12-22T13:37:00Z,Eau d'alimentation conforme aux exigences de qualité en vigueur pour l'ensemble des paramètres mesurés.,1,7.5,593.0,0.0,,,,,,
27229,Évreux,02700174311,2025-12-18T14:28:00Z,Eau d'alimentation conforme aux exigences de qualité en vigueur pour l'ensemble des paramètres mesurés.,1,7.6,603.0,0.0,,,,,,
27229,Évreux,02700174296,2025-12-16T14:45:00Z,Eau d'alimentation conforme aux exigences de qualité en vigueur pour l'ensemble des paramètres mesurés.,1,7.4,588.0,0.0,,,,,,
27229,Évreux,02700174130,2025-12-11T14:54:00Z,Eau d'alimentation conforme aux exigences de qualité en vigueur pour l'ensemble des paramètres mesurés.,1,7.5,601.0,0.87,,,,,,
27229,Évreux,02700174042,2025-12-02T14:10:00Z,Eau d'alimentation conforme aux exigences de qualité en vigueur pour l'ensemble des paramètres mesurés.,1,7.6,589.0,0.0,,,,,,
27229,Évreux,02700173947,2025-11-25T14:00:00Z,Eau d'alimentation conforme aux exigences de qualité en vigueur pour l'ensemble des paramètres mesurés.,1,7.6,587.0,0.0,,,,,,
27229,Évreux,02700173910,2025-11-17T14:51:00Z,Eau d'alimentation conforme aux exigences de qualité en vigueur pour l'ensemble des paramètres mesurés.,1,7.5,592.0,0.94,,,,,,
27229,Évreux,02700173714,2025-11-12T14:30:00Z,Eau d'alimentation conforme aux exigences de qualité en vigueur pour l'ensemble des paramètres mesurés.,1,7.3,592.0,0.0,,,,,,
50129,Cherbourg-en-Cotentin,05000188290,2026-04-20T10:35:00Z,Eau d'alimentation conforme aux limites et références de qualité pour l'ensemble des paramètres mesurés.,1,7.9,319.0,0.15,12.0,9.9,0.5,,0.33,
50129,Cherbourg-en-Cotentin,05000188289,2026-04-20T09:10:00Z,Eau d'alimentation conforme aux limites et références de qualité pour l'ensemble des paramètres mesurés.,1,8.0,339.0,0.25,10.0,12.5,0.5,,0.26,
50129,Cherbourg-en-Cotentin,05000188167,2026-04-13T11:10:00Z,Eau d'alimentation conforme aux limites et références de qualité pour l'ensemble des paramètres mesurés.,1,8.0,337.0,0.1,11.0,11.6,0.5,,0.14,
50129,Cherbourg-en-Cotentin,05000188361,2026-04-13T10:16:00Z,"L’eau produite était, au moment du prélèvement, conforme  aux exigences bactériologiques et aux limites de qualité physico-chimiques. Toutefois, le calcul de l'équilibre calco-carbonique selon la méthode Legrand et Poirier indiquait que l'eau était agressive.",1,7.9,303.0,0.1,12.0,9.2,0.6,0.0,0.55,
50129,Cherbourg-en-Cotentin,05000188113,2026-04-08T11:55:00Z,Eau d'alimentation conforme aux limites et références de qualité pour l'ensemble des paramètres mesurés.,1,7.8,326.0,0.0,12.0,10.2,0.8,,0.33,
50129,Cherbourg-en-Cotentin,05000188112,2026-04-08T11:10:00Z,Eau d'alimentation conforme aux limites et références de qualité pour l'ensemble des paramètres mesurés.,1,7.7,268.0,0.0,10.0,9.0,0.0,,0.31,
50129,Cherbourg-en-Cotentin,05000188176,2026-03-31T10:45:00Z,Eau d'alimentation conforme aux limites et références de qualité pour l'ensemble des paramètres mesurés.,1,8.0,315.0,0.15,11.0,11.2,0.6,0.0,0.42,
50129,Cherbourg-en-Cotentin,05000188231,2026-03-31T10:15:00Z,Eau d'alimentation conforme aux limites et références de qualité pour l'ensemble des paramètres mesurés.,1,8.2,317.0,0.1,11.0,11.1,0.6,,0.44,
50129,Cherbourg-en-Cotentin,05000188178,2026-03-30T09:10:00Z,"L’eau produite était, au moment du prélèvement, conforme  aux exigences bactériologiques et aux limites de qualité physico-chimiques. Toutefois, le calcul de l'équilibre calco-carbonique selon la méthode Legrand et Poirier indiquait que l'eau était agressive.",1,7.7,271.0,0.45,11.0,8.7,0.0,,0.27,
50129,Cherbourg-en-Cotentin,05000188016,2026-03-25T12:15:00Z,Eau d'alimentation conforme aux limites et références de qualité pour l'ensemble des paramètres mesurés.,1,7.8,317.0,0.1,13.0,9.5,0.6,,0.29,
50129,Cherbourg-en-Cotentin,05000188015,2026-03-25T12:00:00Z,Eau d'alimentation conforme aux limites et références de qualité pour l'ensemble des paramètres mesurés.,1,7.9,359.0,0.2,14.0,13.1,0.5,,0.18,
50129,Cherbourg-en-Cotentin,05000188250,2026-03-25T11:40:00Z,Eau d'alimentation conforme aux limites de qualité pour l'ensemble des paramètres mesurés. Il est à noter la présence de germes aérobies revivifiables à 22°C en grand nombre.,1,7.8,389.0,0.3,15.0,15.0,0.4,0.0,0.07,
76217,Dieppe,07600306370,2026-04-02T10:40:00Z,Eau d'alimentation conforme aux exigences de qualité en vigueur pour l'ensemble des paramètres mesurés.,1,7.3,640.0,0.0,5.78,29.5,0.3,,0.13,
76217,Dieppe,07600306313,2026-03-30T10:30:00Z,Eau d'alimentation conforme aux exigences de qualité en vigueur pour l'ensemble des paramètres mesurés.,1,7.3,650.0,0.12,6.34,28.0,0.25,,0.11,
76217,Dieppe,07600306221,2026-03-23T13:30:00Z,Eau d'alimentation conforme aux exigences de qualité en vigueur pour l'ensemble des paramètres mesurés.,1,7.4,650.0,0.19,6.47,30.0,0.25,,0.13,
76217,Dieppe,07600306035,2026-03-10T10:20:00Z,Eau d'alimentation conforme aux exigences de qualité en vigueur pour l'ensemble des paramètres mesurés.,1,7.4,649.0,0.29,6.37,28.2,0.4,,0.14,
76217,Dieppe,07600306034,2026-03-10T10:00:00Z,Eau d'alimentation conforme aux exigences de qualité en vigueur pour l'ensemble des paramètres mesurés.,1,7.4,650.0,0.27,6.4,26.4,0.4,,0.12,
76217,Dieppe,07600305650,2026-02-19T11:55:00Z,Eau d'alimentation conforme aux exigences de qualité en vigueur pour l'ensemble des paramètres mesurés.,1,7.2,645.0,0.18,6.39,29.1,0.0,,0.17,
76217,Dieppe,07600305649,2026-02-19T11:30:00Z,Eau d'alimentation conforme aux exigences de qualité en vigueur pour l'ensemble des paramètres mesurés.,1,7.5,644.0,0.21,6.43,28.5,0.0,,0.16,
76217,Dieppe,07600305502,2026-02-10T11:50:00Z,Eau d'alimentation conforme aux exigences de qualité en vigueur pour l'ensemble des paramètres mesurés.,1,7.1,647.0,0.15,6.15,24.7,0.25,,0.15,
76217,Dieppe,07600305503,2026-02-10T11:20:00Z,Eau d'alimentation conforme aux exigences de qualité en vigueur pour l'ensemble des paramètres mesurés.,1,7.3,648.0,0.13,6.13,33.0,0.25,,0.35,
76217,Dieppe,07600305991,2026-02-04T14:25:00Z,Eau d'alimentation non conforme aux exigences de qualité fixées pour la chloridazone desphényl. La concentration mesurée dans le cadre du contrôle renforcé est inférieure à la valeur sanitaire maximale de 11 µg/l   définie par les autorités. La collectivité bénéficie d'une dérogation préfectorale pendant la réalisation des études et travaux nécessaires au retour à la conformité. L'eau peut être consommée sans risque pour la santé.,0,7.5,671.0,0.22,0.0,26.9,0.0,2.0,0.2,
76217,Dieppe,07600305993,2026-02-04T13:45:00Z,Eau d'alimentation conforme aux exigences de qualité en vigueur pour l'ensemble des paramètres mesurés.,1,7.2,650.0,0.13,5.98,26.7,0.0,0.0,0.14,
76217,Dieppe,07600304984,2026-01-15T09:15:00Z,Eau d'alimentation conforme aux exigences de qualité en vigueur pour l'ensemble des paramètres mesurés.,1,7.2,647.0,0.39,4.7,28.4,0.25,,0.3,
44184,Saint-Nazaire,04400272409,2026-04-29T10:49:00Z,Eau d'alimentation conforme aux exigences de qualité en vigueur pour l'ensemble des paramètres mesurés.,1,8.1,446.0,0.53,22.7,14.5,1.0,,0.26,
44184,Saint-Nazaire,04400272410,2026-04-29T10:17:00Z,Eau d'alimentation conforme aux exigences de qualité en vigueur pour l'ensemble des paramètres mesurés.,1,8.0,451.0,0.38,22.4,15.6,0.97,,0.19,
44184,Saint-Nazaire,04400272449,2026-04-29T08:35:00Z,Eau d'alimentation conforme aux exigences de qualité en vigueur pour l'ensemble des paramètres mesurés.,1,7.6,774.0,0.0,107.0,32.1,0.98,,0.23,
44184,Saint-Nazaire,04400272408,2026-04-10T10:10:00Z,Eau d'alimentation conforme aux limites de qualité et non conforme aux références de qualité.,0,7.8,452.0,0.99,22.0,16.9,0.8,1.8,0.1,
44184,Saint-Nazaire,04400272407,2026-04-01T10:09:00Z,Eau d'alimentation conforme aux exigences de qualité en vigueur pour l'ensemble des paramètres mesurés.,1,8.1,468.0,0.0,20.2,16.1,1.2,,0.35,
44184,Saint-Nazaire,04400272451,2026-04-01T09:35:00Z,Eau d'alimentation conforme aux exigences de qualité en vigueur pour l'ensemble des paramètres mesurés.,1,8.1,467.0,0.0,20.3,15.9,1.1,,0.22,
44184,Saint-Nazaire,04400272412,2026-04-01T08:40:00Z,Eau d'alimentation conforme aux exigences de qualité en vigueur pour l'ensemble des paramètres mesurés.,1,7.8,761.0,0.0,101.0,30.9,1.0,,0.51,
44184,Saint-Nazaire,04400271621,2026-03-03T12:00:00Z,Eau d'alimentation conforme aux exigences de qualité en vigueur pour l'ensemble des paramètres mesurés.,1,7.6,726.0,0.0,96.3,31.9,1.1,,0.16,
44184,Saint-Nazaire,04400271607,2026-03-03T11:20:00Z,Eau d'alimentation conforme aux exigences de qualité en vigueur pour l'ensemble des paramètres mesurés.,1,8.0,478.0,0.0,20.1,17.6,1.1,,0.26,
44184,Saint-Nazaire,04400271570,2026-03-03T11:00:00Z,Eau d'alimentation conforme aux exigences de qualité en vigueur pour l'ensemble des paramètres mesurés.,1,8.0,478.0,0.0,19.4,17.8,1.1,,0.29,
44184,Saint-Nazaire,04400271052,2026-02-27T11:15:00Z,Eau d'alimentation conforme aux exigences de qualité en vigueur pour l'ensemble des paramètres mesurés.,1,8.1,461.0,0.0,17.8,17.5,1.2,,0.29,
44184,Saint-Nazaire,04400271054,2026-02-27T10:45:00Z,Eau d'alimentation conforme aux exigences de qualité en vigueur pour l'ensemble des paramètres mesurés.,1,8.1,465.0,0.0,17.2,17.7,1.2,,0.59,
49099,Cholet,04900176452,2026-04-30T10:20:00Z,Eau d'alimentation conforme aux exigences de qualité en vigueur pour l'ensemble des paramètres mesurés.,1,8.0,435.0,0.0,18.7,14.5,1.5,,0.38,
49099,Cholet,04900176539,2026-04-21T10:14:00Z,Eau d'alimentation conforme aux limites de qualité et non conforme aux références de qualité pour l'équilibre calco-carbonique.,0,7.6,533.0,0.0,25.7,20.4,0.0,,0.54,
49099,Cholet,04900176508,2026-04-14T08:30:00Z,Eau d'alimentation conforme aux exigences de qualité en vigueur pour l'ensemble des paramètres mesurés.,1,8.0,443.0,0.0,18.5,13.7,1.4,,0.19,
49099,Cholet,04900176030,2026-03-30T09:30:00Z,Eau d'alimentation conforme aux exigences de qualité en vigueur pour l'ensemble des paramètres mesurés.,1,8.0,,,0.0,,,,0.34,
49099,Cholet,04900176029,2026-03-24T10:06:00Z,Eau d'alimentation conforme aux limites de qualité et non conforme aux références de qualité (équilibre calcocarbonique : eau légèrement agressive; Carbone Organique Total excessif).,0,7.9,450.0,0.0,18.2,15.0,2.1,,0.71,
49099,Cholet,04900175873,2026-03-24T09:42:00Z,Eau d'alimentation conforme aux exigences de qualité en vigueur pour l'ensemble des paramètres mesurés.,1,7.9,458.0,0.0,18.9,15.3,1.6,,0.45,
49099,Cholet,04900175966,2026-03-19T11:06:00Z,Eau d'alimentation conforme aux exigences de qualité en vigueur pour l'ensemble des paramètres mesurés.,1,7.9,497.0,0.0,22.1,17.0,1.2,,0.25,
49099,Cholet,04900175827,2026-03-12T11:35:00Z,Eau d'alimentation conforme aux exigences de qualité en vigueur pour l'ensemble des paramètres mesurés.,1,7.9,544.0,0.0,25.2,19.6,0.66,,0.57,
49099,Cholet,04900175992,2026-03-05T12:40:00Z,Eau d'alimentation conforme aux exigences de qualité en vigueur pour l'ensemble des paramètres mesurés.,1,8.1,517.0,0.0,18.0,17.4,1.7,,0.57,
49099,Cholet,04900175829,2026-02-24T10:10:00Z,Eau d'alimentation conforme aux exigences de qualité en vigueur pour l'ensemble des paramètres mesurés.,1,8.2,532.0,0.0,0.0,19.1,,,0.88,
85191,La Roche-sur-Yon,08500480238,2026-04-30T12:00:00Z,Eau d'alimentation conforme aux exigences de qualité en vigueur pour l'ensemble des paramètres mesurés.,1,8.0,450.0,0.0,16.0,16.3,1.1,,0.21,
85191,La Roche-sur-Yon,08500480294,2026-04-13T12:15:00Z,Eau d'alimentation conforme aux exigences de qualité en vigueur pour l'ensemble des paramètres mesurés.,1,8.0,430.0,0.0,15.0,15.3,0.95,30.0,0.23,
85191,La Roche-sur-Yon,08500480198,2026-04-07T13:10:00Z,Eau d'alimentation conforme aux exigences de qualité en vigueur pour l'ensemble des paramètres mesurés.,1,8.0,424.0,0.0,16.0,16.0,1.0,,0.43,
85191,La Roche-sur-Yon,08500480035,2026-03-30T08:40:00Z,Eau d'alimentation conforme aux exigences de qualité en vigueur pour l'ensemble des paramètres mesurés.,1,8.1,409.0,0.0,15.0,15.3,0.94,,0.11,
85191,La Roche-sur-Yon,08500479924,2026-03-24T10:00:00Z,Eau d'alimentation conforme aux exigences de qualité en vigueur pour l'ensemble des paramètres mesurés.,1,8.0,425.0,0.0,15.0,14.9,0.91,,0.51,
85191,La Roche-sur-Yon,08500479874,2026-03-13T09:20:00Z,Eau d'alimentation conforme aux exigences de qualité en vigueur pour l'ensemble des paramètres mesurés.,1,8.2,423.0,0.0,13.0,15.9,0.6,,0.07,
85191,La Roche-sur-Yon,08500479683,2026-03-03T13:30:00Z,Eau d'alimentation conforme aux exigences de qualité en vigueur pour l'ensemble des paramètres mesurés.,1,8.1,407.0,0.44,12.0,15.3,0.78,,0.32,
85191,La Roche-sur-Yon,08500479665,2026-02-26T08:50:00Z,Eau d'alimentation conforme aux exigences de qualité en vigueur pour l'ensemble des paramètres mesurés.,1,8.1,399.0,0.0,11.0,15.2,0.84,,0.25,
85191,La Roche-sur-Yon,08500479869,2026-02-16T15:12:00Z,Eau d'alimentation conforme aux exigences de qualité en vigueur pour l'ensemble des paramètres mesurés.,1,8.1,384.0,0.0,0.0,13.5,1.0,6.0,0.3,
85191,La Roche-sur-Yon,08500479621,2026-02-16T13:45:00Z,Eau d'alimentation conforme aux exigences de qualité en vigueur pour l'ensemble des paramètres mesurés.,1,8.0,386.0,0.0,10.0,13.4,0.97,,0.37,
85191,La Roche-sur-Yon,08500479513,2026-02-02T14:25:00Z,Eau d'alimentation conforme aux exigences de qualité en vigueur pour l'ensemble des paramètres mesurés.,1,8.1,469.0,0.0,15.0,17.2,1.3,,0.13,
85191,La Roche-sur-Yon,08500479684,2026-02-02T09:27:00Z,Eau d'alimentation non-conforme aux limites de qualité et conforme aux références de qualité.,1,8.0,467.0,0.0,15.0,16.7,1.3,24.0,0.43,
53130,Laval,05300126889,2026-04-28T14:08:00Z,Eau d'alimentation conforme aux exigences de qualité en vigueur pour l'ensemble des paramètres mesurés.,1,7.9,310.0,0.0,14.1,11.1,1.3,,0.64,
53130,Laval,05300127072,2026-04-23T11:30:00Z,Eau d'alimentation conforme aux exigences de qualité en vigueur pour l'ensemble des paramètres mesurés.,1,7.6,309.0,0.0,14.0,9.8,1.3,,0.58,
53130,Laval,05300126888,2026-04-23T11:00:00Z,Eau d'alimentation conforme aux exigences de qualité en vigueur pour l'ensemble des paramètres mesurés.,1,7.8,312.0,0.0,14.0,9.5,1.4,,0.53,
53130,Laval,05300126890,2026-04-17T09:59:00Z,Eau d'alimentation conforme aux exigences de qualité en vigueur pour l'ensemble des paramètres mesurés.,1,7.7,308.0,0.0,13.3,9.6,1.1,,0.35,
53130,Laval,05300126887,2026-04-15T12:44:00Z,Eau d'alimentation conforme aux exigences de qualité en vigueur pour l'ensemble des paramètres mesurés.,1,7.7,307.0,0.0,13.7,10.0,1.0,1.4,0.13,
53130,Laval,05300126885,2026-04-08T11:27:00Z,Eau d'alimentation conforme aux exigences de qualité en vigueur pour l'ensemble des paramètres mesurés.,1,7.8,314.0,0.0,13.7,10.4,1.2,,0.69,
53130,Laval,05300127076,2026-03-27T10:00:00Z,Eau d'alimentation conforme aux exigences de qualité en vigueur pour l'ensemble des paramètres mesurés.,1,7.8,307.0,0.0,13.5,10.9,1.4,,0.39,
53130,Laval,05300126825,2026-03-19T11:50:00Z,Eau d'alimentation conforme aux exigences de qualité en vigueur pour l'ensemble des paramètres mesurés.,1,7.8,305.0,0.0,13.7,10.3,1.7,,0.77,
53130,Laval,05300126659,2026-03-16T11:38:00Z,Eau d'alimentation conforme aux exigences de qualité en vigueur pour l'ensemble des paramètres mesurés.,1,7.7,311.0,0.0,14.1,11.0,1.3,,0.26,
53130,Laval,05300126822,2026-03-09T11:38:00Z,Eau d'alimentation conforme aux exigences de qualité en vigueur pour l'ensemble des paramètres mesurés.,1,7.6,310.0,0.0,14.5,10.6,1.5,,0.26,
53130,Laval,05300126820,2026-03-05T11:39:00Z,Eau d'alimentation conforme aux exigences de qualité en vigueur pour l'ensemble des paramètres mesurés.,1,7.7,303.0,0.0,14.3,10.1,1.5,,0.62,
53130,Laval,05300126821,2026-03-02T11:32:00Z,Eau d'alimentation conforme aux exigences de qualité en vigueur pour l'ensemble des paramètres mesurés.,1,7.7,302.0,0.0,14.2,11.1,1.6,,0.51,
56260,Vannes,05600180277,2026-04-28T10:40:00Z,Eau d'alimentation conforme aux exigences de qualité en vigueur pour l'ensemble des paramètres mesurés.,1,8.1,321.0,0.0,26.0,9.93,0.83,23.0,0.35,
56260,Vannes,05600180006,2026-04-24T12:10:00Z,Eau d'alimentation conforme aux exigences de qualité en vigueur pour l'ensemble des paramètres mesurés.,1,8.1,254.0,0.0,11.3,9.17,0.86,,0.17,
56260,Vannes,05600180005,2026-04-24T11:40:00Z,Eau d'alimentation conforme aux exigences de qualité en vigueur pour l'ensemble des paramètres mesurés.,1,8.1,316.0,0.0,19.6,9.71,0.94,,0.0,
56260,Vannes,05600179966,2026-04-20T08:34:00Z,Eau d'alimentation conforme aux exigences de qualité en vigueur pour l'ensemble des paramètres mesurés.,1,8.2,322.0,0.32,27.2,11.7,0.92,,0.16,
56260,Vannes,05600179849,2026-04-14T10:45:00Z,Eau d'alimentation conforme aux exigences de qualité en vigueur pour l'ensemble des paramètres mesurés.,1,7.7,232.0,0.0,3.89,8.83,0.68,,0.23,
56260,Vannes,05600179853,2026-04-14T09:30:00Z,Eau d'alimentation conforme aux exigences de qualité en vigueur pour l'ensemble des paramètres mesurés.,1,8.0,320.0,0.3,25.5,10.6,0.94,,0.2,
56260,Vannes,05600179852,2026-04-14T09:11:00Z,Eau d'alimentation conforme aux exigences de qualité en vigueur pour l'ensemble des paramètres mesurés.,1,8.0,256.0,0.0,10.1,8.74,0.75,,0.16,
56260,Vannes,05600179851,2026-04-14T08:33:00Z,Eau d'alimentation conforme aux exigences de qualité en vigueur pour l'ensemble des paramètres mesurés.,1,8.0,236.0,0.0,4.9,8.38,0.7,,0.0,
56260,Vannes,05600179850,2026-04-14T08:08:00Z,Eau d'alimentation conforme aux exigences de qualité en vigueur pour l'ensemble des paramètres mesurés.,1,7.7,232.0,0.0,3.81,8.29,0.71,,0.16,
56260,Vannes,05600179646,2026-03-31T12:45:00Z,Eau d'alimentation conforme aux exigences de qualité en vigueur pour l'ensemble des paramètres mesurés.,1,8.0,307.0,0.0,25.1,10.1,1.0,,0.08,
56260,Vannes,05600179644,2026-03-31T11:30:00Z,Eau d'alimentation conforme aux exigences de qualité en vigueur pour l'ensemble des paramètres mesurés.,1,7.7,229.0,0.0,4.24,8.24,0.8,,0.24,
56260,Vannes,05600179645,2026-03-31T11:00:00Z,Eau d'alimentation conforme aux exigences de qualité en vigueur pour l'ensemble des paramètres mesurés.,1,8.0,309.0,0.0,25.1,10.2,1.6,,0.27,
22278,Saint-Brieuc,02200244807,2026-04-09T10:40:00Z,Eau d'alimentation conforme aux exigences de qualité en vigueur pour l'ensemble des paramètres mesurés.,1,8.2,402.0,0.17,16.0,14.0,0.9,0.87,0.26,
22278,Saint-Brieuc,02200244296,2026-04-09T10:15:00Z,Eau d'alimentation conforme aux exigences de qualité en vigueur pour l'ensemble des paramètres mesurés.,1,8.1,401.0,0.2,16.0,14.0,0.9,,0.25,
22278,Saint-Brieuc,02200244297,2026-04-09T09:50:00Z,Eau d'alimentation conforme aux exigences de qualité en vigueur pour l'ensemble des paramètres mesurés.,1,8.1,406.0,0.13,16.0,14.0,0.8,,0.33,
22278,Saint-Brieuc,02200244292,2026-04-09T09:30:00Z,Eau d'alimentation conforme aux exigences de qualité en vigueur pour l'ensemble des paramètres mesurés.,1,8.1,405.0,0.31,16.0,13.0,0.9,,0.3,
22278,Saint-Brieuc,02200243992,2026-03-12T12:21:00Z,Eau d'alimentation conforme aux exigences de qualité en vigueur pour l'ensemble des paramètres mesurés.,1,8.1,420.0,0.0,17.0,16.0,0.9,,0.43,
22278,Saint-Brieuc,02200243989,2026-03-12T11:59:00Z,Eau d'alimentation conforme aux exigences de qualité en vigueur pour l'ensemble des paramètres mesurés.,1,8.3,419.0,0.2,16.0,16.0,1.0,,0.14,
22278,Saint-Brieuc,02200243991,2026-03-12T11:33:00Z,Eau d'alimentation conforme aux exigences de qualité en vigueur pour l'ensemble des paramètres mesurés.,1,8.2,420.0,0.19,17.0,16.0,0.9,,0.33,
22278,Saint-Brieuc,02200243351,2026-02-04T10:07:00Z,Eau d'alimentation conforme aux exigences de qualité en vigueur pour l'ensemble des paramètres mesurés.,1,8.2,459.0,0.3,13.0,17.0,1.1,,0.38,
22278,Saint-Brieuc,02200243347,2026-02-04T09:39:00Z,Eau d'alimentation conforme aux exigences de qualité en vigueur pour l'ensemble des paramètres mesurés.,1,8.2,457.0,0.29,13.0,17.0,1.1,,0.4,
22278,Saint-Brieuc,02200243041,2026-01-08T09:55:00Z,Eau d'alimentation conforme aux exigences de qualité en vigueur pour l'ensemble des paramètres mesurés.,1,8.1,469.0,0.21,16.0,16.0,1.2,,0.19,
22278,Saint-Brieuc,02200243042,2026-01-08T09:29:00Z,Eau d'alimentation conforme aux exigences de qualité en vigueur pour l'ensemble des paramètres mesurés.,1,8.2,471.0,0.15,16.0,16.0,1.2,,0.21,
22278,Saint-Brieuc,02200243214,2026-01-08T09:23:00Z,Eau d'alimentation conforme aux exigences de qualité en vigueur pour l'ensemble des paramètres mesurés.,1,8.0,470.0,0.13,16.0,16.0,1.3,1.85,0.44,
35288,Saint-Malo,03500179254,2026-04-22T10:29:00Z,"Eau d'alimentation conforme aux exigences de qualité en vigueur pour l'ensemble des paramètres mesurés.  Il convient cependant de noter l'absence de chlore résiduel sur ce secteur de distribution. D'une façon générale, la présence d'un résiduel de chlore est nécessaire pour se prémunir de la prolifération bactérienne dans les réseaux (objectif souhaitable : 0,1 mg/L de chlore libre). L'exploitant a été informé de cette situation dès connaissance de celle-ci par mon service, pour vérifications et actions correctives d'usage. Par ailleu rs, il convient de signaler la présence de traces de pesticides.",1,8.2,475.0,0.0,27.7,16.4,1.2,5.35,0.05,
35288,Saint-Malo,03500178772,2026-04-07T12:35:00Z,Eau d'alimentation conforme aux exigences de qualité en vigueur pour l'ensemble des paramètres mesurés.,1,8.3,469.0,0.0,22.1,16.8,1.4,,0.37,
35288,Saint-Malo,03500178730,2026-04-02T10:19:00Z,Eau d'alimentation conforme aux exigences de qualité en vigueur pour l'ensemble des paramètres mesurés.,1,8.3,487.0,0.0,22.5,17.4,1.5,,0.23,
35288,Saint-Malo,03500178636,2026-03-26T11:12:00Z,Eau d'alimentation conforme aux exigences de qualité en vigueur pour l'ensemble des paramètres mesurés.,1,8.3,483.0,0.0,22.4,17.3,1.5,,0.51,
35288,Saint-Malo,03500178487,2026-03-16T14:06:00Z,"Eau d'alimentation conforme aux exigences de qualité en vigueur pour l'ensemble des paramètres mesurés. Cependant, la valeur élevée en chlore est susceptible de constituer une gêne pour les abonnés (goûts, odeurs). L'exploitant a été informé de cette situation dès connaissance de celle-ci par mon service.",1,8.2,487.0,0.0,21.1,16.8,1.4,,0.64,
35288,Saint-Malo,03500178330,2026-03-03T12:28:00Z,Eau d'alimentation conforme aux exigences de qualité en vigueur pour l'ensemble des paramètres mesurés.,1,8.2,441.0,0.0,19.7,15.4,1.7,,0.43,
35288,Saint-Malo,03500178264,2026-02-24T13:31:00Z,"Eau d'alimentation conforme aux exigences de qualité en vigueur pour l'ensemble des paramètres mesurés. Cependant, la valeur élevée en chlore est susceptible de constituer une gêne pour les abonnés (goûts, odeurs). L'exploitant a été informé de cette situation dès connaissance de celle-ci par mon service.",1,8.0,433.0,0.0,22.5,14.7,1.7,,0.57,
35288,Saint-Malo,03500178038,2026-02-09T11:33:00Z,"Eau d'alimentation conforme aux exigences de qualité en vigueur pour l'ensemble des paramètres mesurés. Cependant, la valeur élevée en chlore est susceptible de constituer une gêne pour les abonnés (goûts, odeurs). L'exploitant a été informé de cette situation dès connaissance de celle-ci par mon service.",1,8.1,478.0,0.0,30.7,16.5,1.4,,0.62,
35288,Saint-Malo,03500178214,2026-01-26T12:28:00Z,"Eau d'alimentation conforme aux exigences de qualité en vigueur pour l'ensemble des paramètres mesurés. Cependant, la valeur élevée en chlore est susceptible de constituer une gêne pour les abonnés (goûts, odeurs). L'exploitant a été informé de cette situation dès connaissance de celle-ci par mon service. De plus, il convient de signaler la présence de traces de pesticides.",1,8.1,492.0,0.0,33.2,17.4,1.6,6.81,0.65,
35288,Saint-Malo,03500177867,2026-01-22T10:50:00Z,Eau d'alimentation conforme aux exigences de qualité en vigueur pour l'ensemble des paramètres mesurés.,1,8.1,486.0,0.0,36.3,16.6,1.6,,0.21,
35288,Saint-Malo,03500177856,2026-01-22T10:10:00Z,Cette analyse s'inscrit dans le cadre d'un recontrôle réalisé à la sui te d'un non-respect de la référence de qualité observé sur le prélèvem ent du 14/01/2026 pour le paramètre COT. La référence de qualité regle mentaire sur ce paramètre est de nouveau respectée.,0,8.0,,,,,1.5,,0.45,
35288,Saint-Malo,03500177775,2026-01-14T13:00:00Z,Eau d'alimentation conforme aux limites de qualité mais ne satisfaisant pas à la référence réglementaire pour le paramètre carbone organique total. L'exploitant a été informé de cette situation dès connaissance de celle-ci par mon service. Un prélèvement de contrôle a été programmé afin de vérifier l'efficacité des mesures adoptées.,1,8.0,472.0,0.0,36.3,15.5,2.1,,0.46,
41018,Blois,04100113062,2026-04-09T10:57:00Z,Eau d'alimentation conforme aux exigences de qualité en vigueur pour l'ensemble des paramètres mesurés.,1,7.8,,0.0,15.8,16.5,0.89,,0.15,
41018,Blois,04100113060,2026-04-09T09:16:00Z,Eau d'alimentation conforme aux exigences de qualité en vigueur pour l'ensemble des paramètres mesurés.,1,7.8,,0.0,15.1,15.8,0.85,,0.12,
41018,Blois,04100112845,2026-03-04T11:46:00Z,Eau d'alimentation conforme aux exigences de qualité en vigueur pour l'ensemble des paramètres mesurés.,1,7.7,,0.0,14.8,15.9,1.0,,0.28,
41018,Blois,04100112843,2026-03-04T11:19:00Z,Eau d'alimentation conforme aux exigences de qualité en vigueur pour l'ensemble des paramètres mesurés.,1,8.0,,0.0,14.2,14.8,0.98,,0.12,
41018,Blois,04100112844,2026-03-04T10:32:00Z,Eau d'alimentation conforme aux exigences de qualité en vigueur pour l'ensemble des paramètres mesurés.,1,8.0,,0.0,14.6,15.5,1.0,,0.09,
41018,Blois,04100112611,2026-02-12T10:11:00Z,Eau d'alimentation conforme aux exigences de qualité en vigueur pour l'ensemble des paramètres mesurés.,1,8.1,,0.0,14.0,14.8,1.0,,0.17,
41018,Blois,04100112572,2026-02-10T09:25:00Z,Eau d'alimentation conforme aux exigences de qualité en vigueur pour l'ensemble des paramètres mesurés.,1,8.0,,0.0,13.8,13.7,1.1,,0.3,
41018,Blois,04100112545,2026-02-10T08:41:00Z,Eau d'alimentation distribuée présentant un caractère légèrement  incr ustant (eau dure qui provoque la formation de dépôts de carbonate de c alcium) conforme aux exigences de qualité en vigueur pour l'ensemble des paramètres mesurés.,1,8.1,,0.0,0.0,14.1,1.2,0.89,0.26,
41018,Blois,04100112394,2026-01-30T09:23:00Z,Eau d'alimentation conforme aux exigences de qualité en vigueur pour l'ensemble des paramètres mesurés.,1,7.8,,0.0,14.9,15.5,0.9,,0.08,
41018,Blois,04100112262,2025-12-16T14:45:00Z,Eau d'alimentation conforme aux exigences de qualité en vigueur pour l'ensemble des paramètres mesurés.,1,8.1,428.0,0.0,,,,,0.23,
41018,Blois,04100112266,2025-12-16T12:57:00Z,Eau d'alimentation conforme aux exigences de qualité en vigueur pour l'ensemble des paramètres mesurés.,1,7.7,425.0,0.0,,,,,0.11,
41018,Blois,04100112264,2025-12-16T11:43:00Z,Eau d'alimentation conforme aux exigences de qualité en vigueur pour l'ensemble des paramètres mesurés.,1,8.0,425.0,0.0,,,,,0.13,
18033,Bourges,01800097661,2026-04-20T14:40:00Z,Eau d'alimentation conforme aux exigences de qualité en vigueur pour l'ensemble des paramètres mesurés.,1,7.3,534.0,0.15,22.6,24.93,1.0,,0.1,
18033,Bourges,01800097618,2026-04-16T10:29:00Z,Eau d'alimentation conforme aux exigences de qualité en vigueur pour l'ensemble des paramètres mesurés.,1,7.2,488.0,0.11,22.5,24.04,0.97,,0.23,
18033,Bourges,01800097641,2026-04-13T11:59:00Z,Eau d'alimentation conforme aux exigences de qualité en vigueur pour l'ensemble des paramètres mesurés.,1,7.2,516.0,0.14,21.8,25.81,0.98,,0.18,
18033,Bourges,01800097617,2026-04-03T10:38:00Z,Eau d'alimentation conforme aux exigences de qualité en vigueur pour l'ensemble des paramètres mesurés.,1,7.4,579.0,0.0,0.0,24.56,0.99,,0.14,
18033,Bourges,01800097525,2026-03-23T14:17:00Z,Eau d'alimentation conforme aux exigences de qualité en vigueur pour l'ensemble des paramètres mesurés. J'attire toutefois votre attention sur l'absence de désinfectant.,1,7.5,495.0,0.11,21.3,23.6,1.1,,0.0,
18033,Bourges,01800097492,2026-03-10T09:23:00Z,"Eau conforme aux limites de qualité mais dépassant la référence de qualité pour les chlorites. A noter la présence d'Ethidimuron, Bromacil, Oxadixyl, Atrazine déséthyl, Atrazine déséthyldéisopropyl et Chloridazone méthyl desphényl en quantité inférieure à la limite de qualité requise par le Code de la Santé Publique.",1,6.98,488.0,0.18,21.7,23.33,1.1,0.0,0.27,
18033,Bourges,01800097464,2026-03-04T14:13:00Z,Eau d'alimentation conforme aux exigences de qualité en vigueur pour l'ensemble des paramètres mesurés.,1,7.2,520.0,0.0,22.4,23.76,1.2,,0.16,
18033,Bourges,01800097481,2026-03-04T11:29:00Z,Eau d'alimentation conforme aux exigences de qualité en vigueur pour l'ensemble des paramètres mesurés.,1,7.3,448.0,0.26,19.4,19.74,1.5,,0.16,
18033,Bourges,01800097371,2026-02-16T10:56:00Z,Eau d'alimentation conforme aux exigences de qualité en vigueur pour l'ensemble des paramètres mesurés.,1,7.2,489.0,0.19,24.0,23.11,1.2,,0.14,
18033,Bourges,01800097412,2026-02-12T11:16:00Z,Eau d'alimentation conforme aux exigences de qualité en vigueur pour l'ensemble des paramètres mesurés. J'attire toutefois votre attention sur l'absence de désinfectant.,1,7.4,443.0,0.15,21.0,20.03,1.4,,,
18033,Bourges,01800097352,2026-02-05T14:01:00Z,"Eau d'alimentation non conforme aux exigences de qualité en vigueur pour le Chloridazone desphényl. Un suivi renforcé est mis en place afin de suivre l’évolution de la situation. A noter la présence de 2-Aminosulfonyl-N,N-diméthylnicotin, Propazine 2-hydroxy, Atrazine déséthyl et Chloridadoze méthyl desphényl en quantité inférieure à la limite de qualité requise par le Code de la Santé Publique.",0,7.2,422.0,0.11,0.0,22.21,1.1,0.0,0.27,
18033,Bourges,01800097442,2026-02-05T09:46:00Z,Eau d'alimentation conforme aux exigences de qualité en vigueur pour l'ensemble des paramètres mesurés. J'attire toutefois votre attention sur l'absence de désinfectant.,1,7.3,455.0,0.16,20.0,33.31,1.1,,,
36044,Châteauroux,03600093518,2026-04-13T09:15:00Z,Eau d'alimentation conforme aux exigences de qualité en vigueur pour l'ensemble des paramètres mesurés.,1,7.3,,0.0,11.7,28.4,0.0,4.0,0.59,
36044,Châteauroux,03600093517,2026-04-07T11:42:00Z,Eau d'alimentation conforme aux exigences de qualité en vigueur pour l'ensemble des paramètres mesurés.,1,7.3,,0.0,11.7,28.4,0.0,0.31,0.62,
36044,Châteauroux,03600093296,2026-03-16T11:17:00Z,Eau d'alimentation conforme aux exigences de qualité en vigueur pour l'ensemble des paramètres mesurés.,1,7.2,,0.33,14.3,29.6,0.31,,0.49,
36044,Châteauroux,03600093297,2026-03-02T10:20:00Z,Eau d'alimentation conforme aux exigences de qualité en vigueur pour l'ensemble des paramètres mesurés.,1,7.3,,0.0,14.6,28.4,0.37,11.0,0.25,
36044,Châteauroux,03600093146,2026-02-23T10:54:00Z,Eau d'alimentation conforme aux limites de qualité mais non satisfaction de la référence de qualité pour le paramètre turbidité (2 NFU).,1,7.4,,13.0,14.6,26.6,0.0,,0.49,
36044,Châteauroux,03600093147,2026-02-09T09:41:00Z,Eau d'alimentation conforme aux exigences de qualité en vigueur pour l'ensemble des paramètres mesurés.,1,7.4,,0.49,11.9,28.9,0.0,,0.35,
36044,Châteauroux,03600093000,2026-01-26T10:38:00Z,Eau d'alimentation conforme aux exigences de qualité en vigueur pour l'ensemble des paramètres mesurés.,1,7.7,,0.3,11.3,27.5,0.0,3.9,0.7,
36044,Châteauroux,03600093001,2026-01-19T10:53:00Z,Eau d'alimentation conforme aux exigences de qualité en vigueur pour l'ensemble des paramètres mesurés.,1,7.4,,0.34,11.6,27.3,0.0,5.7,0.65,
36044,Châteauroux,03600092999,2026-01-12T12:59:00Z,Eau d'alimentation conforme aux exigences de qualité en vigueur pour l'ensemble des paramètres mesurés.,1,7.5,,0.0,11.2,26.6,0.0,,0.45,
36044,Châteauroux,03600092882,2025-12-15T10:33:00Z,Eau d'alimentation conforme aux exigences de qualité en vigueur pour l'ensemble des paramètres mesurés.,1,7.2,556.0,0.0,,,,,0.85,
36044,Châteauroux,03600092884,2025-12-15T10:08:00Z,Eau d'alimentation conforme aux exigences de qualité en vigueur pour l'ensemble des paramètres mesurés.,1,7.4,554.0,0.55,,,,,0.6,
36044,Châteauroux,03600092881,2025-12-11T11:53:00Z,Eau d'alimentation conforme aux exigences de qualité en vigueur pour l'ensemble des paramètres mesurés.,1,7.7,563.0,0.0,,,,,0.72,
28085,Chartres,02800129501,2026-04-22T12:21:00Z,"Eau d'alimentation conforme aux exigences de qualité en vigueur pour l'ensemble des paramètres mesurés. On observe toutefois une teneur en perchlorates supérieure au seuil de 4 µg/l. Conformément à l'avis de l'ANSES, il convient de recommander à la popu lation de limiter l'usage de l'eau du robinet pour les nourrissons de moins de 6 mois et de privilégier l'utilisation d'eau embouteillée pou r la préparation des biberons.",1,7.4,636.0,0.0,11.4,27.13,0.36,,0.49,
28085,Chartres,02800129130,2026-03-09T12:18:00Z,Eau d'alimentation conforme aux exigences de qualité en vigueur pour l 'ensemble des paramètres mesurés.,1,7.0,607.0,0.0,12.1,28.27,0.28,,0.5,
28085,Chartres,02800128816,2026-02-03T13:48:00Z,Eau d'alimentation conforme aux exigences de qualité en vigueur pour l'ensemble des paramètres mesurés.,1,7.8,648.0,0.0,12.0,29.02,0.36,,0.49,
28085,Chartres,02800128743,2026-01-29T11:26:00Z,Eau d'alimentation conforme aux exigences de qualité en vigueur pour l'ensemble des paramètres mesurés.,1,7.5,530.0,0.15,19.0,27.04,0.47,,0.36,
28085,Chartres,02800128608,2026-01-05T11:47:00Z,Eau d'alimentation conforme aux exigences de qualité en vigueur pour l'ensemble des paramètres mesurés.,1,7.4,646.0,0.0,12.0,30.69,0.36,,0.49,
28085,Chartres,02800128549,2025-12-30T13:26:00Z,Eau d'alimentation conforme aux exigences de qualité en vigueur pour l'ensemble des paramètres mesurés.,1,7.5,630.0,0.0,,,,,0.57,
28085,Chartres,02800128408,2025-12-10T08:55:00Z,Eau d'alimentation conforme aux exigences de qualité en vigueur pour l'ensemble des paramètres mesurés.,1,7.46,639.0,0.0,11.0,29.97,0.38,,0.59,
28085,Chartres,02800128483,2025-12-09T12:01:00Z,Eau d'alimentation conforme aux exigences de qualité en vigueur pour l'ensemble des paramètres mesurés.,1,7.34,631.0,0.23,,,,,0.59,
28085,Chartres,02800128361,2025-12-04T08:39:00Z,Eau d'alimentation conforme aux exigences de qualité en vigueur pour l'ensemble des paramètres mesurés.,1,7.4,580.0,0.16,,,,,0.58,
28085,Chartres,02800128362,2025-12-04T08:16:00Z,Eau d'alimentation conforme aux exigences de qualité en vigueur pour l'ensemble des paramètres mesurés.,1,7.2,659.0,0.11,,,,,0.54,
28085,Chartres,02800128293,2025-11-18T08:17:00Z,Eau d'alimentation conforme aux exigences de qualité en vigueur pour l'ensemble des paramètres mesurés.,1,7.2,606.0,0.18,,,,,0.58,
28085,Chartres,02800128306,2025-11-17T11:22:00Z,Eau d'alimentation conforme aux exigences de qualité en vigueur pour l'ensemble des paramètres mesurés.,1,7.4,597.0,0.19,,,,,0.32,
71076,Chalon-sur-Saône,07100131874,2026-04-27T15:24:00Z,Eau d'alimentation conforme aux exigences de qualité en vigueur pour l'ensemble des paramètres mesurés.,1,6.9,584.0,0.0,26.8,28.34,1.1,,0.3,
71076,Chalon-sur-Saône,07100131794,2026-04-21T10:24:00Z,Eau d'alimentation conforme aux exigences de qualité en vigueur pour l'ensemble des paramètres mesurés.,1,7.58,598.0,0.14,25.9,26.9,0.77,,0.3,
71076,Chalon-sur-Saône,07100131604,2026-03-24T10:54:00Z,Eau d'alimentation conforme aux exigences de qualité en vigueur pour l'ensemble des paramètres mesurés. L'analyse a révélé une désinfection insuffisante de l'eau.,1,7.3,602.0,0.17,25.2,27.44,0.76,,0.04,
71076,Chalon-sur-Saône,07100131680,2026-03-24T08:49:00Z,Eau d'alimentation conforme aux exigences de qualité en vigueur pour l'ensemble des paramètres mesurés.,1,7.29,571.0,0.28,25.8,27.52,0.64,11.8,0.57,
71076,Chalon-sur-Saône,07100131338,2026-02-24T13:59:00Z,Eau d'alimentation conforme aux exigences de qualité en vigueur pour l'ensemble des paramètres mesurés.,1,7.38,604.0,0.15,23.0,26.01,0.63,,0.36,
71076,Chalon-sur-Saône,07100131339,2026-02-24T13:36:00Z,Eau d'alimentation conforme aux exigences de qualité en vigueur pour l'ensemble des paramètres mesurés.,1,7.6,604.0,0.14,24.0,26.16,0.62,,0.25,
71076,Chalon-sur-Saône,07100131429,2026-02-24T11:12:00Z,Eau d'alimentation conforme aux exigences de qualité en vigueur pour l'ensemble des paramètres mesurés.,1,7.44,612.0,0.16,23.0,26.04,0.64,,0.24,
71076,Chalon-sur-Saône,07100131092,2026-01-26T11:06:00Z,Eau d'alimentation conforme aux exigences de qualité en vigueur pour l'ensemble des paramètres mesurés.,1,7.49,601.0,0.0,26.0,27.11,0.45,,0.32,
71076,Chalon-sur-Saône,07100131281,2026-01-26T09:55:00Z,Eau d'alimentation conforme aux exigences de qualité en vigueur pour l'ensemble des paramètres mesurés.,1,7.5,600.0,0.0,26.0,27.06,0.43,15.1,0.31,
71076,Chalon-sur-Saône,07100130829,2025-12-10T11:37:00Z,Eau d'alimentation conforme aux exigences de qualité en vigueur pour l'ensemble des paramètres mesurés.,1,7.4,620.0,0.25,,,,,0.37,
71076,Chalon-sur-Saône,07100130824,2025-12-10T11:18:00Z,Eau d'alimentation conforme aux exigences de qualité en vigueur pour l'ensemble des paramètres mesurés.,1,7.4,628.0,0.0,,,,,0.37,
71076,Chalon-sur-Saône,07100130830,2025-12-10T10:59:00Z,Eau d'alimentation conforme aux exigences de qualité en vigueur pour l'ensemble des paramètres mesurés.,1,7.4,616.0,0.0,,,,,0.36,
90010,Belfort,09000043933,2026-04-14T11:05:00Z,Eau d'alimentation conforme aux limites de qualité et non conforme aux références de qualité.,0,7.2,137.0,0.0,5.5,5.3,0.8,,0.16,
90010,Belfort,09000043919,2026-03-17T10:40:00Z,Eau d'alimentation conforme aux limites de qualité et non conforme aux références de qualité.,0,7.5,160.0,0.25,5.7,6.6,0.74,,0.25,
90010,Belfort,09000043895,2026-02-23T10:00:00Z,Eau d'alimentation conforme aux limites de qualité et non conforme aux références de qualité.,0,7.6,159.0,0.22,6.3,7.2,1.1,,0.33,
90010,Belfort,09000043892,2026-02-23T09:35:00Z,Eau d'alimentation conforme aux limites de qualité et non conforme aux références de qualité.,0,7.6,159.0,0.0,6.1,6.7,1.0,,0.23,
90010,Belfort,09000043847,2026-01-13T10:00:00Z,Eau d'alimentation conforme aux limites de qualité et non conforme aux références de qualité.,0,7.1,144.0,0.0,5.9,6.0,0.91,,0.09,
90010,Belfort,09000043816,2025-12-16T11:00:00Z,Eau d'alimentation conforme aux limites de qualité et non conforme aux références de qualité.,0,7.6,165.0,0.0,,,,,0.11,
90010,Belfort,09000043807,2025-12-16T09:50:00Z,Eau d'alimentation conforme aux limites de qualité et non conforme aux références de qualité.,0,7.0,157.0,0.0,6.0,6.7,1.1,,0.41,
90010,Belfort,09000043790,2025-12-09T09:00:00Z,Eau d'alimentation conforme aux limites de qualité et non conforme aux références de qualité.,0,7.6,170.0,0.0,,,,,0.06,
90010,Belfort,09000043764,2025-12-03T08:35:00Z,Eau d'alimentation conforme aux limites de qualité et non conforme aux références de qualité.,0,7.8,167.0,0.0,5.7,7.0,0.88,,0.36,
90010,Belfort,09000043762,2025-12-03T08:20:00Z,Eau d'alimentation conforme aux limites de qualité et non conforme aux références de qualité.,0,7.6,167.0,0.0,,,,,0.2,
90010,Belfort,09000043753,2025-11-26T09:00:00Z,Eau d'alimentation conforme aux exigences de qualité en vigueur pour l'ensemble des paramètres mesurés.,1,7.4,289.0,0.37,,,,,0.08,
90010,Belfort,09000043741,2025-11-18T11:10:00Z,Eau d'alimentation conforme aux limites de qualité et non conforme aux références de qualité.,0,7.6,175.0,0.0,,,,,0.33,
89024,Auxerre,08900139112,2026-04-15T13:45:00Z,Eau d'alimentation conforme aux exigences de qualité en vigueur pour l'ensemble des paramètres mesurés.,1,7.4,530.0,0.17,22.4,24.37,0.81,,0.3,
89024,Auxerre,08900139110,2026-04-15T11:28:00Z,Eau d'alimentation conforme aux exigences de qualité en vigueur pour l'ensemble des paramètres mesurés.,1,7.4,562.0,0.31,16.7,27.64,0.78,,0.37,
89024,Auxerre,08900139127,2026-04-15T07:57:00Z,Eau d'alimentation conforme aux exigences de qualité en vigueur pour l'ensemble des paramètres mesurés.,1,7.48,519.0,0.15,21.9,24.45,0.77,,0.12,
89024,Auxerre,08900138876,2026-03-20T11:57:00Z,Eau d'alimentation conforme aux exigences de qualité en vigueur pour l'ensemble des paramètres mesurés.,1,7.39,497.0,0.22,23.6,23.82,0.72,,0.38,
89024,Auxerre,08900138801,2026-03-13T07:17:00Z,Le taux de nitrates dépasse la limite de qualité de 50 mg/L. Des mesur es de gestion sont mises en place. Un prélèvement de recontrôle sera r éalisé prochainement.,0,7.23,536.0,0.0,20.8,28.36,0.71,,0.42,
89024,Auxerre,08900138585,2026-02-23T11:30:00Z,Eau d'alimentation conforme aux exigences de qualité en vigueur pour l'ensemble des paramètres mesurés.,1,7.42,488.0,0.17,23.0,24.96,1.0,,0.35,
89024,Auxerre,08900138586,2026-02-23T08:32:00Z,Eau d'alimentation conforme aux exigences de qualité en vigueur pour l'ensemble des paramètres mesurés.,1,7.33,503.0,0.38,22.0,24.2,0.99,,0.17,
89024,Auxerre,08900138483,2026-02-13T12:09:00Z,Eau d'alimentation conforme aux exigences de qualité en vigueur pour l'ensemble des paramètres mesurés.,1,7.45,508.0,0.43,23.0,24.35,0.75,,0.46,
89024,Auxerre,08900138484,2026-02-13T10:20:00Z,Eau d'alimentation conforme aux exigences de qualité en vigueur pour l'ensemble des paramètres mesurés.,1,7.42,546.0,0.27,16.0,27.61,0.69,,0.41,
89024,Auxerre,08900138281,2026-01-28T14:15:00Z,Eau d'alimentation conforme aux exigences de qualité en vigueur pour l'ensemble des paramètres mesurés.,1,7.22,532.0,0.0,20.0,25.77,0.7,,0.28,
89024,Auxerre,08900138276,2026-01-28T13:02:00Z,Eau d'alimentation conforme aux exigences de qualité en vigueur pour l'ensemble des paramètres mesurés.,1,7.36,574.0,0.48,17.0,27.68,0.63,,0.35,
89024,Auxerre,08900137906,2025-12-30T14:52:00Z,"Eau d'alimentation conforme pour l'ensemble des paramètres mesurés. Cependant, je note l'absence de chlore libre. Il est nécessaire d'augmenter la chloration de manière à obtenir un taux avoisinant 0,20 mg/l sur le réseau de distribution.",1,7.75,556.0,0.0,,,,,0.05,
79191,Niort,07900085491,2026-04-30T09:05:00Z,Eau d'alimentation conforme aux exigences de qualité en vigueur pour l'ensemble des paramètres mesurés.,1,7.4,599.0,0.0,20.0,27.1,,,0.3,
79191,Niort,07900085567,2026-04-21T09:08:00Z,Eau d'alimentation conforme aux exigences de qualité en vigueur pour l'ensemble des paramètres mesurés.,1,7.1,597.0,0.0,20.0,26.8,,2.2,0.3,
79191,Niort,07900085450,2026-04-21T08:29:00Z,Eau d'alimentation conforme aux exigences de qualité en vigueur pour l'ensemble des paramètres mesurés.,1,8.0,333.0,0.0,8.5,12.5,1.1,,0.35,
79191,Niort,07900085416,2026-04-17T10:32:00Z,Eau d'alimentation conforme aux exigences de qualité en vigueur pour l'ensemble des paramètres mesurés.,1,7.5,595.0,0.0,20.0,28.6,,,0.15,
79191,Niort,07900085477,2026-04-10T10:52:00Z,Eau d'alimentation conforme aux exigences de qualité en vigueur pour l'ensemble des paramètres mesurés.,1,7.3,592.0,0.0,20.0,30.1,,,0.35,
79191,Niort,07900085344,2026-03-27T08:45:00Z,Eau d'alimentation conforme aux exigences de qualité en vigueur pour l'ensemble des paramètres mesurés.,1,7.5,589.0,0.0,20.0,27.2,,,0.3,
79191,Niort,07900085379,2026-03-25T10:02:00Z,Eau d'alimentation conforme aux exigences de qualité en vigueur pour l'ensemble des paramètres mesurés.,1,8.0,320.0,0.0,0.0,11.7,1.1,7.5,0.35,
79191,Niort,07900085329,2026-03-19T09:15:00Z,Eau d'alimentation conforme aux exigences de qualité en vigueur pour l'ensemble des paramètres mesurés. Teneur en chlore libre faible.,1,7.5,561.0,0.32,18.0,27.6,,,0.0,
79191,Niort,07900085218,2026-02-24T08:23:00Z,Eau d'alimentation conforme aux exigences de qualité en vigueur pour l'ensemble des paramètres mesurés.,1,7.3,576.0,0.0,22.0,26.2,,,0.25,
79191,Niort,07900085189,2026-02-16T08:26:00Z,Eau d'alimentation conforme aux exigences de qualité en vigueur pour l'ensemble des paramètres mesurés.,1,7.4,496.0,0.28,17.0,23.7,0.85,,0.35,
79191,Niort,07900085164,2026-02-10T09:43:00Z,Eau d'alimentation conforme aux exigences de qualité en vigueur pour l'ensemble des paramètres mesurés. Teneur en chlore libre élevée.,1,7.3,585.0,0.0,19.0,25.4,,,0.45,
79191,Niort,07900085108,2026-01-28T08:52:00Z,Eau d'alimentation conforme aux exigences de qualité en vigueur pour l'ensemble des paramètres mesurés.,1,7.4,582.0,0.21,23.0,28.9,0.41,,0.3,
16015,Angoulême,01600127216,2026-04-27T14:10:00Z,Eau d'alimentation conforme aux exigences de qualité en vigueur pour l'ensemble des paramètres mesurés.,1,7.7,464.0,0.11,9.2,22.4,0.5,,0.25,
16015,Angoulême,01600127071,2026-03-25T14:00:00Z,Eau d'alimentation conforme aux exigences de qualité en vigueur pour l'ensemble des paramètres mesurés.,1,7.6,444.0,0.24,8.3,23.3,0.6,,0.3,
16015,Angoulême,01600126714,2026-02-16T13:50:00Z,Eau d'alimentation conforme aux exigences de qualité en vigueur pour l'ensemble des paramètres mesurés.,1,7.6,458.0,0.21,7.5,23.5,0.8,,0.25,
16015,Angoulême,01600126618,2026-01-28T14:00:00Z,Eau d'alimentation conforme aux exigences de qualité en vigueur pour l'ensemble des paramètres mesurés.,1,7.6,434.0,0.23,8.4,22.1,1.1,,0.25,
16015,Angoulême,01600126439,2025-12-18T14:30:00Z,Eau d'alimentation conforme aux exigences de qualité en vigueur pour l'ensemble des paramètres mesurés.,1,7.7,441.0,0.19,,,,,0.25,
16015,Angoulême,01600126442,2025-12-17T14:00:00Z,Eau d'alimentation conforme aux exigences de qualité en vigueur pour l'ensemble des paramètres mesurés.,1,7.7,442.0,0.31,,,,,0.25,
16015,Angoulême,01600126392,2025-12-10T11:31:00Z,Eau d'alimentation conforme aux exigences de qualité en vigueur pour l'ensemble des paramètres mesurés.,1,7.8,447.0,0.19,,,,,0.25,
16015,Angoulême,01600126310,2025-12-02T14:15:00Z,Eau d'alimentation conforme aux exigences de qualité en vigueur pour l'ensemble des paramètres mesurés.,1,7.6,452.0,0.24,,,,,0.3,
16015,Angoulême,01600126279,2025-11-26T14:15:00Z,Eau d'alimentation conforme aux exigences de qualité en vigueur pour l'ensemble des paramètres mesurés.,1,7.8,451.0,0.16,,,,,0.25,
16015,Angoulême,01600126246,2025-11-25T14:30:00Z,Eau d'alimentation conforme aux exigences de qualité en vigueur pour l'ensemble des paramètres mesurés.,1,7.7,457.0,0.23,,,,,0.25,
16015,Angoulême,01600126108,2025-11-13T08:55:00Z,Eau d'alimentation conforme aux exigences de qualité en vigueur pour l'ensemble des paramètres mesurés.,1,7.9,429.0,0.5,,,,,0.3,
16015,Angoulême,01600126060,2025-11-06T14:20:00Z,Eau d'alimentation conforme aux exigences de qualité en vigueur pour l'ensemble des paramètres mesurés.,1,8.0,442.0,0.43,,,,,0.25,
24322,Périgueux,02400136208,2026-04-24T10:01:00Z,Eau d'alimentation conforme aux exigences de qualité en vigueur pour l'ensemble des paramètres mesurés.,1,7.3,585.0,0.0,9.3,30.2,0.5,,0.32,
24322,Périgueux,02400135924,2026-03-19T10:18:00Z,Eau d'alimentation conforme aux exigences de qualité en vigueur pour l'ensemble des paramètres mesurés.,1,8.1,560.0,0.0,8.2,29.6,1.1,,0.31,
24322,Périgueux,02400135659,2026-03-13T11:25:00Z,Eau d'alimentation conforme aux exigences de qualité en vigueur pour l'ensemble des paramètres mesurés.,1,7.1,565.0,0.0,8.8,29.0,1.1,,,
24322,Périgueux,02400135448,2026-02-17T10:40:00Z,Eau d'alimentation conforme aux exigences de qualité en vigueur pour l'ensemble des paramètres mesurés.,1,7.2,530.0,0.0,9.0,,1.5,,0.3,
24322,Périgueux,02400135656,2026-02-05T10:38:00Z,Eau d'alimentation conforme aux exigences de qualité en vigueur pour l'ensemble des paramètres mesurés.,1,7.1,575.0,0.0,9.8,30.4,1.2,,0.3,
24322,Périgueux,02400135654,2026-02-03T12:17:00Z,Eau d'alimentation conforme aux exigences de qualité en vigueur pour l'ensemble des paramètres mesurés.,1,7.2,585.0,0.0,9.8,30.6,0.9,,0.33,
24322,Périgueux,02400135661,2026-02-03T11:00:00Z,Eau d'alimentation conforme aux exigences de qualité en vigueur pour l'ensemble des paramètres mesurés.,1,7.1,575.0,0.0,9.8,29.7,1.0,,0.22,
24322,Périgueux,02400135662,2026-01-29T09:46:00Z,Eau d'alimentation conforme aux limites de qualité et non conforme aux références de qualité.,0,7.0,550.0,0.0,9.7,30.5,1.8,7.57,0.39,
24322,Périgueux,02400135753,2026-01-27T11:10:00Z,Eau d'alimentation conforme aux exigences de qualité en vigueur pour l'ensemble des paramètres mesurés.,1,7.2,550.0,0.0,,,0.9,,,
24322,Périgueux,02400135751,2026-01-27T10:50:00Z,Eau d'alimentation conforme aux exigences de qualité en vigueur pour l'ensemble des paramètres mesurés.,1,7.2,550.0,0.0,,,1.0,,,
24322,Périgueux,02400135752,2026-01-27T10:40:00Z,Eau d'alimentation conforme aux exigences de qualité en vigueur pour l'ensemble des paramètres mesurés.,1,7.2,550.0,1.0,,,1.0,,,
24322,Périgueux,02400135447,2026-01-16T10:45:00Z,Eau d'alimentation conforme aux exigences de qualité en vigueur pour l'ensemble des paramètres mesurés.,1,7.2,575.0,0.0,9.6,31.5,0.9,0.83,0.61,
47001,Agen,04700086805,2026-04-28T15:11:00Z,Eau d'alimentation conforme aux exigences de qualité en vigueur pour l'ensemble des paramètres mesurés.,1,7.5,226.0,0.12,13.0,10.3,0.6,,0.41,
47001,Agen,04700086806,2026-04-13T14:37:00Z,Eau d'alimentation conforme aux exigences de qualité en vigueur pour l'ensemble des paramètres mesurés.,1,7.6,292.0,0.11,15.0,12.9,0.7,,0.23,
47001,Agen,04700086812,2026-04-13T13:58:00Z,Eau d'alimentation conforme aux exigences de qualité en vigueur pour l'ensemble des paramètres mesurés.,1,7.7,283.0,0.11,15.0,12.5,0.7,,0.66,
47001,Agen,04700086810,2026-04-01T14:22:00Z,"Eau d'alimentation conforme aux normes en vigueur pour l'ensemble des paramètres mesurés, toutefois il est constaté la présence de bactéries aérobies revivifiables.",1,7.7,331.0,0.14,19.0,16.1,1.0,,0.5,
47001,Agen,04700086804,2026-04-01T13:38:00Z,Eau d'alimentation conforme aux exigences de qualité en vigueur pour l'ensemble des paramètres mesurés.,1,7.8,333.0,0.12,19.0,16.0,0.9,,0.31,
47001,Agen,04700086643,2026-03-05T14:36:00Z,Eau d'alimentation conforme aux exigences de qualité en vigueur pour l'ensemble des paramètres mesurés.,1,8.1,370.0,0.0,18.0,16.8,1.1,,0.55,
47001,Agen,04700086523,2026-02-19T13:28:00Z,Eau d'alimentation conforme aux exigences de qualité en vigueur pour l'ensemble des paramètres mesurés.,1,8.0,343.0,0.12,14.0,7.8,1.4,,0.63,
47001,Agen,04700086508,2026-02-19T00:00:00Z,Eau d'alimentation conforme aux exigences de qualité en vigueur pour l'ensemble des paramètres mesurés.,1,7.9,329.0,0.13,12.0,7.4,1.6,,0.26,
47001,Agen,04700086524,2026-02-05T14:45:00Z,Eau d'alimentation conforme aux exigences de qualité en vigueur pour l'ensemble des paramètres mesurés.,1,8.0,356.0,0.16,14.0,16.0,1.5,,0.56,
47001,Agen,04700086509,2026-02-04T12:18:00Z,Eau d'alimentation conforme aux exigences de qualité en vigueur pour l'ensemble des paramètres mesurés.,1,7.7,362.0,0.15,14.0,15.8,1.4,,0.14,
47001,Agen,04700086416,2026-01-26T15:00:00Z,Eau d'alimentation conforme aux exigences de qualité en vigueur pour l'ensemble des paramètres mesurés.,1,7.8,346.0,0.14,15.0,15.1,1.3,0.33,0.61,
47001,Agen,04700086395,2026-01-26T13:22:00Z,Eau d'alimentation conforme aux exigences de qualité en vigueur pour l'ensemble des paramètres mesurés.,1,7.8,339.0,0.13,14.0,14.8,1.3,,0.47,
81004,Albi,08100133673,2026-04-17T13:05:00Z,Eau d'alimentation conforme aux exigences de qualité en vigueur pour l'ensemble des paramètres mesurés.,1,7.6,,,0.0,,,,0.36,
81004,Albi,08100133546,2026-04-17T13:05:00Z,Eau d'alimentation conforme aux exigences de qualité en vigueur pour l'ensemble des paramètres mesurés.,1,7.76,377.0,0.15,17.3,18.31,0.68,,0.36,
81004,Albi,08100133547,2026-04-07T12:45:00Z,Eau d'alimentation conforme aux exigences de qualité en vigueur pour l'ensemble des paramètres mesurés.,1,7.9,306.0,0.0,23.2,14.38,0.77,,0.45,
81004,Albi,08100133483,2026-03-31T11:50:00Z,Eau d'alimentation conforme aux exigences de qualité en vigueur pour l'ensemble des paramètres mesurés.,1,7.7,309.0,0.12,20.7,14.0,0.82,,0.29,
81004,Albi,08100133482,2026-03-11T09:25:00Z,Eau d'alimentation conforme aux exigences de qualité en vigueur pour l'ensemble des paramètres mesurés.,1,8.0,342.0,0.0,21.2,19.36,0.59,,0.27,
81004,Albi,08100130224,2026-02-26T14:13:00Z,Eau d'alimentation conforme aux exigences de qualité en vigueur pour l'ensemble des paramètres mesurés.,1,8.07,352.0,0.0,22.0,16.4,0.87,,0.2,
81004,Albi,08100130223,2026-02-18T12:45:00Z,Eau d'alimentation conforme aux exigences de qualité en vigueur pour l'ensemble des paramètres mesurés.,1,7.6,352.0,0.18,14.0,15.73,1.1,,0.46,
81004,Albi,08100130225,2026-02-09T14:00:00Z,Eau d'alimentation conforme aux exigences de qualité en vigueur pour l'ensemble des paramètres mesurés.,1,7.9,397.0,0.0,20.0,14.29,0.79,,0.36,
81004,Albi,08100130193,2026-01-30T11:00:00Z,Eau d'alimentation conforme aux exigences de qualité en vigueur pour l'ensemble des paramètres mesurés.,1,7.89,335.0,0.13,20.0,14.42,1.1,,0.34,
81004,Albi,08100130190,2026-01-22T11:30:00Z,Eau d'alimentation conforme aux exigences de qualité en vigueur pour l'ensemble des paramètres mesurés.,1,7.9,298.0,0.29,11.0,11.34,0.88,,0.36,
81004,Albi,08100130191,2026-01-19T14:26:00Z,Eau d'alimentation conforme aux exigences de qualité en vigueur pour l'ensemble des paramètres mesurés.,1,7.92,353.0,0.15,16.0,13.93,1.2,,0.46,
81004,Albi,08100130194,2026-01-12T11:30:00Z,Eau d'alimentation conforme aux exigences de qualité en vigueur pour l'ensemble des paramètres mesurés.,1,8.0,328.0,0.2,20.0,13.62,1.7,,0.19,
65440,Tarbes,06500163276,2026-04-22T12:30:00Z,Eau d'alimentation conforme aux exigences de qualité en vigueur pour l'ensemble des paramètres mesurés.,1,7.4,308.0,0.0,35.0,15.1,0.468,,0.14,
65440,Tarbes,06500165554,2026-04-13T14:10:00Z,Eau d'alimentation conforme aux exigences de qualité en vigueur pour l'ensemble des paramètres mesurés.,1,7.2,306.0,0.0,,,,,0.14,
65440,Tarbes,06500163275,2026-04-08T13:25:00Z,Eau d'alimentation non conforme aux exigences de qualité en vigueur. L a non-conformité concerne au moins un paramètre microbiologique et n'a toutefois pas nécessité de restriction de la  consommation de l'eau. Il a été demandé à l'exploitant de prendre les mesures correctives néc essaires pour rétablir la qualité de l'eau. Un nouveau contrôle a été programmé afin de suivre l'évolution du paramètre et de vérifier le re tour à une situation normale.,0,7.1,315.0,0.0,35.0,15.6,0.321,,0.21,
65440,Tarbes,06500162629,2026-03-24T14:10:00Z,Eau d'alimentation conforme aux exigences de qualité en vigueur pour l'ensemble des paramètres mesurés.,1,7.2,322.0,0.0,38.0,15.3,0.0,,0.23,
65440,Tarbes,06500162628,2026-03-09T13:05:00Z,Eau d'alimentation conforme aux exigences de qualité en vigueur pour l'ensemble des paramètres mesurés.,1,6.74,275.0,0.0,20.0,13.0,0.537,,0.51,
65440,Tarbes,06500163058,2026-02-24T08:40:00Z,Eau d'alimentation conforme aux exigences de qualité en vigueur pour l'ensemble des paramètres mesurés.,1,7.25,318.0,0.0,0.0,15.8,0.451,0.96,0.22,
65440,Tarbes,06500163043,2026-02-11T13:35:00Z,Eau d'alimentation conforme aux exigences de qualité en vigueur pour l'ensemble des paramètres mesurés.,1,7.6,376.0,0.0,48.0,18.2,0.0,,0.11,
65440,Tarbes,06500163044,2026-02-05T08:40:00Z,Eau d'alimentation conforme aux exigences de qualité en vigueur pour l'ensemble des paramètres mesurés.,1,7.6,358.0,0.0,44.0,18.1,0.362,,0.26,
65440,Tarbes,06500162254,2026-01-28T09:55:00Z,Eau d'alimentation conforme aux exigences de qualité en vigueur pour l'ensemble des paramètres mesurés.,1,7.55,365.0,0.0,50.0,18.0,0.0,,0.24,
65440,Tarbes,06500162423,2026-01-15T08:55:00Z,Eau d'alimentation conforme aux exigences de qualité en vigueur pour l'ensemble des paramètres mesurés.,1,7.1,287.0,0.0,0.0,13.8,0.0,0.0,0.2,
65440,Tarbes,06500162404,2026-01-06T11:10:00Z,Eau d'alimentation conforme aux exigences de qualité en vigueur pour l'ensemble des paramètres mesurés.,1,7.5,353.0,0.0,47.0,16.2,0.0,,0.33,
65440,Tarbes,06500159999,2025-12-29T13:00:00Z,Eau d'alimentation conforme aux exigences de qualité en vigueur pour l'ensemble des paramètres mesurés.,1,7.8,360.0,1.0,,,,,0.41,
34032,Béziers,03400343903,2026-04-21T14:11:00Z,Eau d'alimentation conforme aux exigences de qualité en vigueur pour l'ensemble des paramètres mesurés.,1,7.67,478.0,0.0,40.1,23.45,0.46,,0.29,
34032,Béziers,03400343902,2026-04-13T11:55:00Z,Eau d'alimentation conforme aux limites de qualité et non conforme aux références de qualité.,0,7.6,475.0,3.0,34.8,21.72,0.47,,0.16,
34032,Béziers,03400343904,2026-04-10T09:10:00Z,Eau d'alimentation conforme aux exigences de qualité en vigueur pour l'ensemble des paramètres mesurés.,1,7.7,468.0,0.0,37.6,22.31,0.39,,0.22,
34032,Béziers,03400343645,2026-03-26T09:16:00Z,Eau d'alimentation conforme aux exigences de qualité en vigueur pour l'ensemble des paramètres mesurés.,1,7.59,456.0,0.41,35.3,23.87,0.5,,0.38,
34032,Béziers,03400343657,2026-03-24T15:15:00Z,Eau d'alimentation conforme aux exigences de qualité en vigueur pour l'ensemble des paramètres mesurés.,1,7.51,472.0,0.34,35.3,21.42,0.71,,0.16,
34032,Béziers,03400343655,2026-03-13T07:50:00Z,Eau d'alimentation conforme aux exigences de qualité en vigueur pour l'ensemble des paramètres mesurés.,1,7.6,326.0,0.26,25.3,17.77,0.41,,0.16,
34032,Béziers,03400347865,2026-02-17T13:15:00Z,Eau d'alimentation conforme aux exigences de qualité en vigueur pour l'ensemble des paramètres mesurés.,1,7.5,450.0,0.18,,,0.44,,0.16,
34032,Béziers,03400343170,2026-02-09T15:20:00Z,Eau d'alimentation conforme aux limites de qualité et non conforme aux références de qualité.,0,7.6,423.0,0.0,29.0,19.88,2.7,,0.2,
34032,Béziers,03400343171,2026-02-05T15:00:00Z,Eau d'alimentation conforme aux exigences de qualité en vigueur pour l'ensemble des paramètres mesurés.,1,7.58,437.0,0.2,27.0,19.06,0.46,,0.28,
34032,Béziers,03400342856,2026-01-26T14:00:00Z,Eau d'alimentation conforme aux exigences de qualité en vigueur pour l'ensemble des paramètres mesurés.,1,7.6,399.0,0.17,26.0,18.96,0.62,,0.45,
34032,Béziers,03400342854,2026-01-19T12:08:00Z,Eau d'alimentation conforme aux exigences de qualité en vigueur pour l'ensemble des paramètres mesurés.,1,7.6,398.0,0.15,23.0,17.95,0.85,,0.2,
34032,Béziers,03400342857,2026-01-15T13:56:00Z,Eau d'alimentation conforme aux exigences de qualité en vigueur pour l'ensemble des paramètres mesurés.,1,7.58,363.0,0.17,27.0,19.24,0.36,,0.45,
11262,Narbonne,01100183626,2026-04-29T09:01:00Z,Eau d'alimentation conforme aux exigences de qualité en vigueur pour l'ensemble des paramètres mesurés.,1,7.3,750.0,0.0,67.0,33.67,0.29,0.12,0.59,
11262,Narbonne,01100183624,2026-04-23T13:10:00Z,Eau d'alimentation conforme aux exigences de qualité en vigueur pour l'ensemble des paramètres mesurés.,1,7.4,536.0,0.14,52.0,26.19,0.93,,0.28,
11262,Narbonne,01100183625,2026-04-13T11:30:00Z,Eau d'alimentation conforme aux exigences de qualité en vigueur pour l'ensemble des paramètres mesurés.,1,7.55,554.0,0.12,48.7,25.54,0.91,,0.62,
11262,Narbonne,01100179964,2026-03-23T11:10:00Z,Eau d'alimentation conforme aux exigences de qualité en vigueur pour l'ensemble des paramètres mesurés.,1,7.32,701.0,0.12,59.0,32.29,0.28,1.62,0.67,
11262,Narbonne,01100179963,2026-03-16T09:50:00Z,Eau d'alimentation conforme aux exigences de qualité en vigueur pour l'ensemble des paramètres mesurés.,1,7.86,503.0,0.23,0.0,23.73,1.5,36.3,0.31,
11262,Narbonne,01100179965,2026-03-10T08:57:00Z,Eau d'alimentation conforme aux exigences de qualité en vigueur pour l'ensemble des paramètres mesurés.,1,7.73,504.0,0.0,42.2,22.67,1.5,,0.3,
11262,Narbonne,01100179639,2026-02-26T11:18:00Z,Eau d'alimentation conforme aux exigences de qualité en vigueur pour l'ensemble des paramètres mesurés.,1,7.5,504.0,0.0,43.0,22.53,1.3,18.4,0.64,
11262,Narbonne,01100179638,2026-02-20T11:17:00Z,Eau d'alimentation conforme aux exigences de qualité en vigueur pour l'ensemble des paramètres mesurés.,1,7.5,510.0,0.1,35.0,21.38,1.9,,0.26,
11262,Narbonne,01100179640,2026-02-10T09:46:00Z,Eau d'alimentation conforme aux exigences de qualité en vigueur pour l'ensemble des paramètres mesurés.,1,7.4,748.0,0.0,58.0,33.6,0.33,,0.54,
11262,Narbonne,01100179637,2026-02-03T09:05:00Z,Eau d'alimentation conforme aux exigences de qualité en vigueur pour l'ensemble des paramètres mesurés.,1,7.66,478.0,0.0,0.0,21.17,1.4,20.08,0.6,
11262,Narbonne,01100179296,2026-01-20T11:17:00Z,Eau d'alimentation conforme aux exigences de qualité en vigueur pour l'ensemble des paramètres mesurés.,1,7.59,441.0,0.2,45.0,22.62,1.9,,0.26,
11262,Narbonne,01100179295,2026-01-06T10:09:00Z,Eau d'alimentation conforme aux exigences de qualité en vigueur pour l'ensemble des paramètres mesurés.,1,7.6,531.0,0.84,47.0,22.9,0.72,,0.1,
11069,Carcassonne,01100183531,2026-04-28T14:35:00Z,Eau d'alimentation conforme aux exigences de qualité en vigueur pour l'ensemble des paramètres mesurés.,1,7.93,394.0,0.14,26.5,12.19,1.2,39.0,0.73,
11069,Carcassonne,01100183526,2026-04-24T13:48:00Z,Eau d'alimentation conforme aux exigences de qualité en vigueur pour l'ensemble des paramètres mesurés.,1,8.0,336.0,0.23,26.1,12.36,1.2,,0.51,
11069,Carcassonne,01100183527,2026-04-17T14:01:00Z,Eau d'alimentation conforme aux exigences de qualité en vigueur pour l'ensemble des paramètres mesurés.,1,7.9,476.0,0.0,27.1,16.55,1.4,,0.43,
11069,Carcassonne,01100183529,2026-04-09T08:14:00Z,Eau d'alimentation conforme aux exigences de qualité en vigueur pour l'ensemble des paramètres mesurés.,1,8.07,513.0,0.0,31.7,17.41,1.7,,0.21,
11069,Carcassonne,01100183528,2026-04-07T13:47:00Z,Eau d'alimentation conforme aux exigences de qualité en vigueur pour l'ensemble des paramètres mesurés.,1,7.99,459.0,0.14,32.7,17.68,1.7,27.0,0.66,
11069,Carcassonne,01100183530,2026-04-01T09:10:00Z,Eau d'alimentation conforme aux exigences de qualité en vigueur pour l'ensemble des paramètres mesurés.,1,7.9,622.0,0.0,53.0,21.48,1.5,,0.5,
11069,Carcassonne,01100179870,2026-03-26T07:47:00Z,Eau d'alimentation conforme aux exigences de qualité en vigueur pour l'ensemble des paramètres mesurés.,1,7.9,531.0,0.11,37.7,18.07,1.6,,0.36,
11069,Carcassonne,01100179871,2026-03-19T07:58:00Z,Eau d'alimentation conforme aux exigences de qualité en vigueur pour l'ensemble des paramètres mesurés.,1,8.07,546.0,0.0,35.4,19.36,1.8,,0.36,
11069,Carcassonne,01100179867,2026-03-17T07:32:00Z,Eau d'alimentation conforme aux exigences de qualité en vigueur pour l'ensemble des paramètres mesurés.,1,7.8,571.0,0.21,34.9,20.32,1.7,,0.12,
11069,Carcassonne,01100179869,2026-03-13T08:02:00Z,Eau d'alimentation conforme aux exigences de qualité en vigueur pour l'ensemble des paramètres mesurés.,1,7.8,570.0,0.47,36.5,19.52,1.6,,0.29,
11069,Carcassonne,01100179868,2026-03-05T12:53:00Z,Eau d'alimentation conforme aux exigences de qualité en vigueur pour l'ensemble des paramètres mesurés.,1,7.8,508.0,0.26,32.3,18.63,1.6,,0.51,
11069,Carcassonne,01100179506,2026-02-24T14:26:00Z,Eau d'alimentation conforme aux exigences de qualité en vigueur pour l'ensemble des paramètres mesurés.,1,7.9,587.0,0.14,35.0,23.66,1.7,8.6,0.84,
34301,Sète,03400343785,2026-04-23T10:06:00Z,Eau d'alimentation conforme aux exigences de qualité en vigueur pour l'ensemble des paramètres mesurés.,1,7.3,578.0,0.56,27.9,20.54,0.44,,0.2,
34301,Sète,03400343787,2026-04-15T09:29:00Z,Eau d'alimentation conforme aux exigences de qualité en vigueur pour l'ensemble des paramètres mesurés.,1,7.3,597.0,0.19,19.2,23.12,0.65,,0.15,
34301,Sète,03400343786,2026-04-07T10:19:00Z,Eau d'alimentation conforme aux exigences de qualité en vigueur pour l'ensemble des paramètres mesurés.,1,7.4,595.0,0.15,27.5,25.15,0.52,,0.4,
34301,Sète,03400343553,2026-03-27T09:59:00Z,Eau d'alimentation conforme aux exigences de qualité en vigueur pour l'ensemble des paramètres mesurés.,1,7.81,502.0,0.36,35.3,22.86,0.43,,0.36,
34301,Sète,03400343554,2026-03-19T08:51:00Z,Eau d'alimentation conforme aux exigences de qualité en vigueur pour l'ensemble des paramètres mesurés.,1,7.75,583.0,0.27,21.8,23.34,0.78,,0.15,
34301,Sète,03400343552,2026-03-09T10:42:00Z,Eau d'alimentation conforme aux limites de qualité et non conforme aux références de qualité.,0,7.4,637.0,0.68,24.4,24.08,0.7,,0.52,
34301,Sète,03400343555,2026-03-02T10:22:00Z,Eau d'alimentation conforme aux exigences de qualité en vigueur pour l'ensemble des paramètres mesurés.,1,7.58,637.0,0.24,23.0,24.69,0.59,,0.23,
34301,Sète,03400343302,2026-02-17T12:07:00Z,Eau d'alimentation conforme aux exigences de qualité en vigueur pour l'ensemble des paramètres mesurés.,1,7.4,630.0,0.42,18.0,25.36,0.74,,0.22,
34301,Sète,03400343303,2026-02-03T10:42:00Z,Eau d'alimentation conforme aux exigences de qualité en vigueur pour l'ensemble des paramètres mesurés.,1,7.68,627.0,0.0,21.0,24.17,0.71,,0.2,
34301,Sète,03400343008,2026-01-27T09:55:00Z,Eau d'alimentation conforme aux exigences de qualité en vigueur pour l'ensemble des paramètres mesurés.,1,7.3,597.0,0.19,18.0,25.28,0.79,,0.42,
34301,Sète,03400343007,2026-01-15T11:18:00Z,Eau d'alimentation conforme aux exigences de qualité en vigueur pour l'ensemble des paramètres mesurés.,1,7.3,596.0,0.41,13.0,27.48,0.69,,0.5,
34301,Sète,03400343009,2026-01-07T09:35:00Z,Eau d'alimentation conforme aux exigences de qualité en vigueur pour l'ensemble des paramètres mesurés.,1,7.78,616.0,0.27,15.0,23.44,0.87,,0.24,
69266,Villeurbanne,06900175487,2026-04-27T12:09:00Z,Eau d'alimentation conforme aux exigences de qualité en vigueur pour l'ensemble des paramètres mesurés.,1,7.4,427.0,0.0,28.7,19.96,0.41,,0.12,
69266,Villeurbanne,06900175486,2026-04-23T13:07:00Z,Eau d'alimentation conforme aux exigences de qualité en vigueur pour l'ensemble des paramètres mesurés.,1,7.0,406.0,0.0,28.9,20.22,0.47,,0.17,
69266,Villeurbanne,06900175485,2026-04-21T10:50:00Z,Eau d'alimentation conforme aux exigences de qualité en vigueur pour l'ensemble des paramètres mesurés.,1,7.0,431.0,0.0,28.7,20.02,0.61,,0.15,
69266,Villeurbanne,06900175484,2026-04-17T09:47:00Z,Eau d'alimentation conforme aux exigences de qualité en vigueur pour l'ensemble des paramètres mesurés.,1,7.3,453.0,0.0,28.0,20.05,0.51,,0.05,
69266,Villeurbanne,06900175483,2026-04-14T11:42:00Z,Eau d'alimentation conforme aux exigences de qualité en vigueur pour l'ensemble des paramètres mesurés.,1,7.0,432.0,0.0,27.2,20.81,0.53,,0.16,
69266,Villeurbanne,06900175482,2026-04-07T12:48:00Z,Eau d'alimentation conforme aux exigences de qualité en vigueur pour l'ensemble des paramètres mesurés.,1,7.4,440.0,0.24,31.2,20.35,0.43,,0.11,
69266,Villeurbanne,06900175481,2026-04-03T14:36:00Z,Eau d'alimentation conforme aux exigences de qualité en vigueur pour l'ensemble des paramètres mesurés.,1,7.2,499.0,0.11,29.7,20.9,0.5,,0.2,
69266,Villeurbanne,06900175480,2026-04-01T12:01:00Z,Eau d'alimentation conforme aux exigences de qualité en vigueur pour l'ensemble des paramètres mesurés.,1,7.4,385.0,0.16,22.4,17.32,0.92,,0.18,
69266,Villeurbanne,06900175011,2026-03-24T13:33:00Z,Eau d'alimentation conforme aux exigences de qualité en vigueur pour l'ensemble des paramètres mesurés.,1,7.4,397.0,0.0,26.0,19.19,0.5,,0.06,
69266,Villeurbanne,06900175010,2026-03-20T10:27:00Z,Eau d'alimentation conforme aux exigences de qualité en vigueur pour l'ensemble des paramètres mesurés.,1,7.2,444.0,0.15,28.2,21.17,0.39,,0.09,
69266,Villeurbanne,06900175009,2026-03-19T08:41:00Z,Eau d'alimentation conforme aux exigences de qualité en vigueur pour l'ensemble des paramètres mesurés.,1,7.4,443.0,0.0,27.9,20.09,0.47,,0.06,
69266,Villeurbanne,06900175008,2026-03-16T09:21:00Z,Eau d'alimentation conforme aux exigences de qualité en vigueur pour l'ensemble des paramètres mesurés.,1,7.1,438.0,0.14,26.8,20.82,0.39,,0.13,
42187,Roanne,04200200275,2026-04-02T13:25:00Z,Eau d'alimentation conforme aux exigences de qualité en vigueur pour l'ensemble des paramètres mesurés.,1,7.6,257.0,0.31,3.3,9.58,1.1,,0.09,
42187,Roanne,04200199943,2026-03-23T12:33:00Z,Eau d'alimentation conforme aux exigences de qualité en vigueur pour l'ensemble des paramètres mesurés.,1,8.1,249.0,0.0,3.7,9.83,1.1,,0.08,
42187,Roanne,04200200098,2026-03-02T11:57:00Z,Eau d'alimentation conforme aux exigences de qualité en vigueur pour l'ensemble des paramètres mesurés.,1,7.99,251.0,0.16,0.0,9.93,1.2,,0.07,
42187,Roanne,04200199605,2026-02-24T09:53:00Z,Eau d'alimentation conforme aux exigences de qualité en vigueur pour l'ensemble des paramètres mesurés.,1,8.0,253.0,0.0,3.2,9.85,1.1,,0.0,
42187,Roanne,04200199358,2026-01-22T10:33:00Z,Eau d'alimentation conforme aux exigences de qualité en vigueur pour l'ensemble des paramètres mesurés.,1,8.0,259.0,0.1,3.2,9.75,1.2,,0.04,
42187,Roanne,04200199357,2026-01-14T09:55:00Z,Eau d'alimentation conforme aux exigences de qualité en vigueur pour l'ensemble des paramètres mesurés.,1,8.0,230.0,0.13,3.3,9.98,1.3,,0.05,
42187,Roanne,04200199007,2025-12-30T10:15:00Z,Eau d'alimentation conforme aux exigences de qualité en vigueur pour l'ensemble des paramètres mesurés.,1,8.0,255.0,0.28,,,,,0.0,
42187,Roanne,04200199005,2025-12-10T08:46:00Z,Eau d'alimentation conforme aux exigences de qualité en vigueur pour l'ensemble des paramètres mesurés.,1,8.0,268.0,0.1,,,,,0.09,
42187,Roanne,04200199006,2025-12-02T11:06:00Z,Eau d'alimentation conforme aux exigences de qualité en vigueur pour l'ensemble des paramètres mesurés.,1,8.0,263.0,0.2,,,,,0.03,
42187,Roanne,04200198537,2025-11-28T10:08:00Z,Eau d'alimentation conforme aux exigences de qualité en vigueur pour l'ensemble des paramètres mesurés.,1,8.1,242.0,0.1,,,,,0.09,
42187,Roanne,04200198538,2025-11-20T09:06:00Z,Eau d'alimentation conforme aux exigences de qualité en vigueur pour l'ensemble des paramètres mesurés.,1,8.2,256.0,0.15,,,,,0.05,
42187,Roanne,04200198535,2025-11-20T08:44:00Z,Eau d'alimentation conforme aux exigences de qualité en vigueur pour l'ensemble des paramètres mesurés.,1,8.2,244.0,0.12,,,,,0.06,
01053,Bourg-en-Bresse,00100150174,2026-04-23T14:47:00Z,Eau d'alimentation conforme aux exigences de qualité en vigueur pour l'ensemble des paramètres mesurés.,1,7.5,524.0,0.13,6.7,23.04,0.27,,0.31,
01053,Bourg-en-Bresse,00100150139,2026-04-10T12:11:00Z,Eau d'alimentation conforme aux exigences de qualité en vigueur pour l'ensemble des paramètres mesurés.,1,7.5,481.0,0.0,8.0,23.47,0.33,,0.36,
01053,Bourg-en-Bresse,00100150049,2026-03-24T12:54:00Z,Eau d'alimentation conforme aux exigences de qualité en vigueur pour l'ensemble des paramètres mesurés.,1,7.5,466.0,0.29,8.4,23.7,0.0,,0.36,
01053,Bourg-en-Bresse,00100149438,2026-03-06T11:49:00Z,Eau d'alimentation conforme aux exigences de qualité en vigueur pour l'ensemble des paramètres mesurés.,1,7.5,495.0,0.1,8.3,29.99,0.0,,0.29,
01053,Bourg-en-Bresse,00100149309,2026-02-18T09:49:00Z,Eau d'alimentation conforme aux exigences de qualité en vigueur pour l'ensemble des paramètres mesurés.,1,7.5,473.0,0.19,8.0,26.06,0.29,,0.39,
01053,Bourg-en-Bresse,00100149478,2026-02-17T09:14:00Z,Eau d'alimentation conforme aux exigences de qualité en vigueur pour l'ensemble des paramètres mesurés.,1,7.5,471.0,0.14,8.0,23.15,0.23,0.24,0.39,
01053,Bourg-en-Bresse,00100149070,2026-01-22T12:29:00Z,Eau d'alimentation conforme aux exigences de qualité en vigueur pour l'ensemble des paramètres mesurés.,1,7.5,512.0,0.12,8.1,23.55,0.0,,0.33,
01053,Bourg-en-Bresse,00100148956,2026-01-12T12:31:00Z,Eau d'alimentation conforme aux exigences de qualité en vigueur pour l'ensemble des paramètres mesurés.,1,7.5,519.0,0.37,7.9,23.63,0.28,,0.28,
01053,Bourg-en-Bresse,00100148623,2025-12-15T12:10:00Z,Eau d'alimentation conforme aux exigences de qualité en vigueur pour l'ensemble des paramètres mesurés.,1,7.5,520.0,0.0,,,,,0.33,
01053,Bourg-en-Bresse,00100148624,2025-12-15T11:42:00Z,Eau d'alimentation conforme aux exigences de qualité en vigueur pour l'ensemble des paramètres mesurés.,1,7.5,498.0,0.1,,,,,0.33,
01053,Bourg-en-Bresse,00100148504,2025-12-09T13:04:00Z,Eau d'alimentation conforme aux exigences de qualité en vigueur pour l'ensemble des paramètres mesurés.,1,7.5,498.0,0.12,,,,,0.39,
01053,Bourg-en-Bresse,00100148503,2025-12-09T12:28:00Z,Eau d'alimentation conforme aux exigences de qualité en vigueur pour l'ensemble des paramètres mesurés.,1,7.5,500.0,0.1,,,,,0.34,
74012,Annemasse,07400292366,2026-01-27T12:23:00Z,Eau d'alimentation conforme aux exigences de qualité en vigueur pour l'ensemble des paramètres mesurés.,1,7.7,468.0,0.0,30.0,23.7,0.76,,0.2,
74012,Annemasse,07400291165,2025-12-04T11:35:00Z,Eau d'alimentation conforme aux exigences de qualité en vigueur pour l'ensemble des paramètres mesurés.,1,7.6,445.0,0.0,,,,,0.25,
74012,Annemasse,07400290324,2025-11-06T09:48:00Z,Eau d'alimentation conforme aux limites de qualité et non conforme aux références de qualité.,0,7.6,446.0,0.0,,,,,0.15,
74012,Annemasse,07400289387,2025-10-09T09:00:00Z,Eau d'alimentation conforme aux exigences de qualité en vigueur pour l'ensemble des paramètres mesurés.,1,7.7,453.0,0.0,,,,,0.25,
74012,Annemasse,07400289253,2025-09-29T09:16:00Z,Eau d'alimentation conforme aux limites de qualité et non conforme aux références de qualité.,0,7.6,460.0,0.2,,,,,0.1,
74012,Annemasse,07400288411,2025-09-11T13:18:00Z,Eau d'alimentation conforme aux exigences de qualité en vigueur pour l'ensemble des paramètres mesurés.,1,7.7,460.0,0.0,,,,,0.25,
74012,Annemasse,07400286953,2025-08-05T10:43:00Z,Eau d'alimentation conforme aux exigences de qualité en vigueur pour l'ensemble des paramètres mesurés.,1,7.8,457.0,0.24,,,,,0.3,
74012,Annemasse,07400285415,2025-07-02T09:52:00Z,Eau d'alimentation conforme aux exigences de qualité en vigueur pour l'ensemble des paramètres mesurés.,1,7.8,454.0,0.0,,,,,0.2,
74012,Annemasse,07400284618,2025-06-04T10:42:00Z,Eau d'alimentation conforme aux exigences de qualité en vigueur pour l'ensemble des paramètres mesurés.,1,7.7,461.0,0.0,,,,,0.3,
74012,Annemasse,07400283887,2025-05-15T10:08:00Z,Eau d'alimentation conforme aux exigences de qualité en vigueur pour l'ensemble des paramètres mesurés.,1,7.6,442.0,0.0,,,,,0.25,
74012,Annemasse,07400283372,2025-04-22T09:36:00Z,Eau d'alimentation conforme aux exigences de qualité en vigueur pour l'ensemble des paramètres mesurés.,1,7.6,439.0,0.0,,,,,0.1,
74012,Annemasse,07400282657,2025-03-27T09:33:00Z,Eau d'alimentation conforme aux exigences de qualité en vigueur pour l'ensemble des paramètres mesurés.,1,7.6,441.0,0.0,,,,,0.2,
84087,Orange,08400139640,2026-04-28T11:41:00Z,Eau d'alimentation conforme aux exigences de qualité en vigueur pour l'ensemble des paramètres mesurés.,1,7.7,474.0,0.28,49.0,21.34,0.65,11.2,0.28,
84087,Orange,08400139230,2026-03-02T09:41:00Z,Eau d'alimentation conforme aux exigences de qualité en vigueur pour l'ensemble des paramètres mesurés.,1,7.48,461.0,0.15,48.0,21.89,0.81,4.7,0.42,
84087,Orange,08400139164,2026-02-11T09:18:00Z,Eau d'alimentation conforme aux exigences de qualité en vigueur pour l'ensemble des paramètres mesurés.,1,7.45,480.0,0.19,51.0,22.49,0.83,6.2,0.16,
84087,Orange,08400139056,2026-02-05T10:23:00Z,Eau d'alimentation conforme aux exigences de qualité en vigueur pour l'ensemble des paramètres mesurés.,1,7.56,480.0,0.0,50.0,39.66,0.7,5.1,0.44,
84087,Orange,08400139058,2026-02-05T10:02:00Z,Eau d'alimentation conforme aux exigences de qualité en vigueur pour l'ensemble des paramètres mesurés.,1,7.4,538.0,0.19,58.0,26.47,0.35,0.0,0.0,
84087,Orange,08400138933,2026-01-13T10:03:00Z,Eau d'alimentation conforme aux exigences de qualité en vigueur pour l'ensemble des paramètres mesurés.,1,7.63,480.0,0.35,50.0,22.83,0.65,3.0,0.26,
84087,Orange,08400138874,2026-01-06T09:48:00Z,Eau d'alimentation conforme aux exigences de qualité en vigueur pour l'ensemble des paramètres mesurés.,1,7.5,473.0,0.14,49.0,22.46,0.76,11.6,0.17,
84087,Orange,08400138798,2025-12-16T11:08:00Z,Eau d'alimentation conforme aux exigences de qualité en vigueur pour l'ensemble des paramètres mesurés.,1,7.4,483.0,0.17,,,,,0.2,
84087,Orange,08400138812,2025-12-16T10:44:00Z,Eau d'alimentation conforme aux exigences de qualité en vigueur pour l'ensemble des paramètres mesurés.,1,7.5,482.0,0.16,,,,,0.34,
84087,Orange,08400138837,2025-12-08T13:56:00Z,Eau d'alimentation conforme aux exigences de qualité en vigueur pour l'ensemble des paramètres mesurés.,1,7.6,476.0,0.64,48.0,23.7,0.79,0.74,0.21,
84087,Orange,08400138747,2025-12-08T10:24:00Z,Eau d'alimentation conforme aux exigences de qualité en vigueur pour l'ensemble des paramètres mesurés.,1,7.7,479.0,0.16,,,,,0.11,
84087,Orange,08400138698,2025-12-02T10:35:00Z,Eau d'alimentation conforme aux exigences de qualité en vigueur pour l'ensemble des paramètres mesurés.,1,7.5,474.0,0.18,,,,,0.27,
13005,Aubagne,01300288535,2026-04-14T07:46:00Z,Eau d'alimentation conforme aux exigences de qualité en vigueur pour l'ensemble des paramètres mesurés.,1,7.86,521.0,0.14,90.0,23.36,0.99,33.95,0.07,
13005,Aubagne,01300288534,2026-04-14T07:08:00Z,Eau d'alimentation conforme aux exigences de qualité en vigueur pour l'ensemble des paramètres mesurés.,1,8.1,523.0,0.0,85.0,22.81,1.0,22.16,0.5,
13005,Aubagne,01300287871,2026-03-18T07:38:00Z,Eau d'alimentation conforme aux exigences de qualité en vigueur pour l'ensemble des paramètres mesurés.,1,8.04,841.0,0.1,85.0,21.43,0.69,25.66,0.3,
13005,Aubagne,01300287851,2026-03-16T08:09:00Z,Eau d'alimentation conforme aux exigences de qualité en vigueur pour l'ensemble des paramètres mesurés.,1,8.3,511.0,0.0,68.0,21.73,1.0,15.49,0.35,
13005,Aubagne,01300286728,2026-02-11T08:08:00Z,Eau d'alimentation conforme aux exigences de qualité en vigueur pour l'ensemble des paramètres mesurés.,1,8.3,533.0,0.12,71.0,23.74,1.2,13.0,0.35,
13005,Aubagne,01300286388,2026-01-12T09:57:00Z,"L’eau d’alimentation est conforme aux limites de qualité et non conforme aux références de qualité. L’équilibre calcocarbonique montre une eau agressive. Elle est donc susceptible de détériorer les canalisations. Ces phénomènes de corrosion entraînent la solubilisation d’éléments tels que le fer, le cuivre, le plomb, le cadmium.",0,7.5,516.0,0.0,100.0,20.48,0.55,19.6,0.4,
13005,Aubagne,01300286101,2026-01-12T09:05:00Z,Eau d'alimentation conforme aux exigences de qualité en vigueur pour l'ensemble des paramètres mesurés.,1,7.6,517.0,0.0,100.0,23.47,0.62,5.63,0.36,
13005,Aubagne,01300286056,2026-01-07T07:49:00Z,Eau d'alimentation conforme aux exigences de qualité en vigueur pour l'ensemble des paramètres mesurés.,1,7.8,527.0,0.13,92.0,22.89,0.69,12.3,0.48,
13005,Aubagne,01300285755,2025-12-17T08:48:00Z,Eau d'alimentation conforme aux exigences de qualité en vigueur pour l'ensemble des paramètres mesurés.,1,7.6,503.0,0.26,94.0,22.85,0.87,,0.24,
13005,Aubagne,01300285594,2025-12-10T07:38:00Z,Eau d'alimentation conforme aux exigences de qualité en vigueur pour l'ensemble des paramètres mesurés.,1,7.1,963.0,0.14,,,,,0.43,
13005,Aubagne,01300285593,2025-12-10T07:23:00Z,Eau d'alimentation conforme aux exigences de qualité en vigueur pour l'ensemble des paramètres mesurés.,1,7.0,972.0,0.0,,,,,0.42,
13005,Aubagne,01300285387,2025-12-01T09:25:00Z,Eau d'alimentation conforme aux exigences de qualité en vigueur pour l'ensemble des paramètres mesurés.,1,7.1,991.0,0.25,,,,,0.24,
13056,Martigues,01300288702,2026-04-23T09:14:00Z,Eau d'alimentation conforme aux exigences de qualité en vigueur pour l'ensemble des paramètres mesurés.,1,8.1,493.0,0.0,78.0,22.34,0.77,50.3,0.09,
13056,Martigues,01300288696,2026-04-23T08:44:00Z,Eau d'alimentation conforme aux exigences de qualité en vigueur pour l'ensemble des paramètres mesurés.,1,8.03,497.0,0.16,81.0,22.38,0.68,17.12,0.06,
13056,Martigues,01300288215,2026-04-03T12:08:00Z,Eau d'alimentation conforme aux exigences de qualité en vigueur pour l'ensemble des paramètres mesurés.,1,8.1,515.0,0.18,81.0,22.87,0.7,15.0,0.37,
13056,Martigues,01300288214,2026-04-03T11:30:00Z,Eau d'alimentation conforme aux exigences de qualité en vigueur pour l'ensemble des paramètres mesurés.,1,8.0,526.0,0.0,74.0,23.86,0.68,17.87,0.08,
13056,Martigues,01300288009,2026-03-27T11:40:00Z,Eau d'alimentation conforme aux exigences de qualité en vigueur pour l'ensemble des paramètres mesurés.,1,7.9,512.0,0.16,75.0,24.46,0.73,16.38,0.04,
13056,Martigues,01300287059,2026-03-05T08:03:00Z,Eau d'alimentation conforme aux exigences de qualité en vigueur pour l'ensemble des paramètres mesurés.,1,7.93,666.0,0.0,117.0,30.72,0.37,18.6,0.27,
13056,Martigues,01300287058,2026-03-05T07:38:00Z,Eau d'alimentation conforme aux exigences de qualité en vigueur pour l'ensemble des paramètres mesurés.,1,7.7,531.0,0.0,58.0,22.55,0.92,29.71,0.05,
13056,Martigues,01300287036,2026-03-04T12:02:00Z,Eau d'alimentation conforme aux exigences de qualité en vigueur pour l'ensemble des paramètres mesurés.,1,7.9,662.0,0.0,122.0,23.64,0.0,0.35,0.15,
13056,Martigues,01300287030,2026-03-04T11:30:00Z,Eau d'alimentation conforme aux exigences de qualité en vigueur pour l'ensemble des paramètres mesurés.,1,7.9,515.0,0.0,62.0,3.21,0.76,2.6,0.07,
13056,Martigues,01300287099,2026-02-11T09:50:00Z,L’eau d’alimentation est conforme aux limites de qualité et non conforme aux références de qualité. L’équilibre calcocarbonique montre une eau incrustante ce qui constitue un risque important d’entartrage des canalisations.,0,7.76,620.0,0.15,110.0,32.68,0.32,1.2,0.04,
13056,Martigues,01300287098,2026-02-11T08:12:00Z,L’eau d’alimentation est conforme aux limites de qualité et non conforme aux références de qualité. L’équilibre calcocarbonique montre une eau incrustante ce qui constitue un risque important d’entartrage des canalisations.,0,7.9,542.0,0.1,72.0,24.96,0.93,6.4,0.04,
13056,Martigues,01300286726,2026-02-11T07:07:00Z,Eau d'alimentation conforme aux exigences de qualité en vigueur pour l'ensemble des paramètres mesurés.,1,7.85,546.0,0.25,72.0,24.14,0.86,5.81,0.05,
83126,La Seyne-sur-Mer,08300301039,2026-04-16T08:44:00Z,Eau d'alimentation conforme aux exigences de qualité en vigueur pour l'ensemble des paramètres mesurés.,1,7.9,415.0,0.0,26.0,28.0,0.92,23.47,0.42,
83126,La Seyne-sur-Mer,08300301070,2026-04-10T07:27:00Z,Eau d'alimentation conforme aux exigences de qualité en vigueur pour l'ensemble des paramètres mesurés.,1,8.12,403.0,0.0,29.1,17.67,0.87,26.0,0.15,
83126,La Seyne-sur-Mer,08300300582,2026-03-20T14:18:00Z,Eau d'alimentation conforme aux exigences de qualité en vigueur pour l'ensemble des paramètres mesurés.,1,8.06,430.0,0.13,27.4,17.49,0.87,14.0,0.3,
83126,La Seyne-sur-Mer,08300300522,2026-03-16T11:15:00Z,Eau d'alimentation conforme aux exigences de qualité en vigueur pour l'ensemble des paramètres mesurés.,1,7.83,426.0,0.17,27.1,16.84,0.96,,0.25,
83126,La Seyne-sur-Mer,08300300398,2026-03-09T09:21:00Z,Eau d'alimentation conforme aux exigences de qualité en vigueur pour l'ensemble des paramètres mesurés.,1,8.0,401.0,0.0,27.2,18.26,0.69,28.0,0.35,
83126,La Seyne-sur-Mer,08300300405,2026-03-09T09:05:00Z,Eau d'alimentation conforme aux exigences de qualité en vigueur pour l'ensemble des paramètres mesurés.,1,8.1,405.0,0.15,27.0,18.32,0.71,20.0,0.15,
83126,La Seyne-sur-Mer,08300300404,2026-03-09T08:45:00Z,Eau d'alimentation conforme aux exigences de qualité en vigueur pour l'ensemble des paramètres mesurés.,1,8.0,403.0,0.1,27.3,18.22,0.7,18.0,0.33,
83126,La Seyne-sur-Mer,08300300401,2026-03-09T08:18:00Z,Eau d'alimentation conforme aux exigences de qualité en vigueur pour l'ensemble des paramètres mesurés.,1,8.0,408.0,0.0,26.5,18.33,0.91,28.7,0.35,
83126,La Seyne-sur-Mer,08300300622,2026-03-09T07:55:00Z,Eau d'alimentation conforme aux limites de qualité et non conforme aux références de qualité. Eau incrustante.,0,8.1,405.0,0.0,27.1,18.49,0.92,36.5,0.28,
83126,La Seyne-sur-Mer,08300300403,2026-03-09T07:48:00Z,Eau conforme aux limites de qualité fixées par le Code de la Santé Publique pour les paramètres recherchés. A noter le dépassement de la référence de qualité pour le paramètre turbidité. La mesure de la turbidité au robinet du consommateur permet de prendre en compte les phénomènes qui peuvent se produirent lors du transport de l'eau dans les canalisations (corrosion...). En application des articles R.1321-27 et R.1321-30 la Personne Publique ou Privée responsable de la distribution d'eau doit prendre des mesures correctives necessaires et elle doit informer le maire et l'ARS (DD83) de l'application des mesures prises.,1,8.0,404.0,7.9,25.7,17.47,0.83,24.0,0.22,
83126,La Seyne-sur-Mer,08300300397,2026-03-09T07:25:00Z,Eau d'alimentation conforme aux exigences de qualité en vigueur pour l'ensemble des paramètres mesurés.,1,8.1,407.0,0.1,26.5,18.38,0.9,25.0,0.08,
83126,La Seyne-sur-Mer,08300300351,2026-03-05T10:05:00Z,"Eau conforme aux limites de qualité fixées par le Code de la Santé Publique concernant les eaux destinées à la consommation humaine, pour les paramètres recherchés.  A noter le dépassement de la référence de qualité pour le paramètre Coliformes totaux.",1,8.1,412.0,0.0,26.9,17.74,0.94,16.0,0.54,
04112,Manosque,00400153829,2026-04-08T08:44:00Z,Eau d'alimentation conforme aux exigences de qualité en vigueur pour l'ensemble des paramètres mesurés.,1,7.5,613.0,0.8,85.0,28.14,0.59,,0.3,
04112,Manosque,00400153707,2026-04-01T12:46:00Z,Eau d'alimentation conforme aux exigences de qualité en vigueur pour l'ensemble des paramètres mesurés.,1,7.92,487.0,0.16,58.0,23.69,0.56,,0.4,
04112,Manosque,00400153649,2026-03-27T09:32:00Z,Eau d'alimentation conforme aux exigences de qualité en vigueur pour l'ensemble des paramètres mesurés.,1,7.95,550.0,0.17,65.0,24.36,0.43,,0.38,
04112,Manosque,00400153351,2026-03-04T11:11:00Z,Eau d'alimentation conforme aux exigences de qualité en vigueur pour l'ensemble des paramètres mesurés.,1,7.77,540.0,0.0,61.0,54.85,0.42,,0.28,
04112,Manosque,00400153288,2026-02-25T12:43:00Z,Eau d'alimentation conforme aux exigences de qualité en vigueur pour l'ensemble des paramètres mesurés.,1,7.79,581.0,0.16,77.0,25.15,0.47,,0.38,
04112,Manosque,00400152998,2026-02-02T10:51:00Z,Eau d'alimentation conforme aux exigences de qualité en vigueur pour l'ensemble des paramètres mesurés.,1,7.7,592.0,0.1,69.0,25.21,0.54,,0.27,
04112,Manosque,00400152895,2026-01-28T12:02:00Z,Eau d'alimentation conforme aux exigences de qualité en vigueur pour l'ensemble des paramètres mesurés.,1,7.64,562.0,0.12,,25.11,,,0.13,
04112,Manosque,00400152946,2026-01-28T11:58:00Z,Eau d'alimentation conforme aux exigences de qualité en vigueur pour l'ensemble des paramètres mesurés.,1,7.61,562.0,0.0,71.0,24.42,0.3,,0.13,
04112,Manosque,00400152564,2026-01-06T08:47:00Z,Eau d'alimentation conforme aux exigences de qualité en vigueur pour l'ensemble des paramètres mesurés.,1,7.8,526.0,0.11,62.0,22.69,0.47,,0.12,
04112,Manosque,00400152518,2025-12-22T09:11:00Z,Eau d'alimentation conforme aux exigences de qualité en vigueur pour l'ensemble des paramètres mesurés.,1,7.6,616.0,0.14,85.0,27.26,0.35,,0.32,
04112,Manosque,00400152474,2025-12-15T10:27:00Z,Eau d'alimentation conforme aux exigences de qualité en vigueur pour l'ensemble des paramètres mesurés.,1,7.5,614.0,0.12,,,,,0.17,
04112,Manosque,00400152440,2025-12-10T10:47:00Z,Eau d'alimentation conforme aux exigences de qualité en vigueur pour l'ensemble des paramètres mesurés.,1,7.8,540.0,0.1,,,,,0.19,
